<?xml version="1.0" encoding="UTF-8"?>
<objects serializationModel="Studio.02.02.00">
	<object class="EncodingSetting" id="{d7c75998-b040-48e5-8b53-5fdfa1ff018c}">
		<property name="encodingFormat">
			<value>3</value>
		</property>
		<property name="quality">
			<value>37</value>
		</property>
		<relationship name="platform">
			<destination>{50833261-e84a-4c0d-ab3a-c92a910e14e9}</destination>
		</relationship>
		<relationship name="encodable">
			<destination>{50833261-e84a-4c0d-ab3a-c92a910e14e9}</destination>
		</relationship>
	</object>
</objects>
