<?xml version="1.0" encoding="UTF-8"?>
<objects serializationModel="Studio.02.02.00">
	<object class="ParameterPreset" id="{9812b4f1-13fd-4c11-9748-0bc2c88fd3d0}">
		<property name="name">
			<value>GameMode</value>
		</property>
		<relationship name="folder">
			<destination>{fc4d84cc-3449-4384-aec5-203627bea1f8}</destination>
		</relationship>
		<relationship name="parameter">
			<destination>{82879fe5-cbcf-4a09-ae7f-7d09f0845221}</destination>
		</relationship>
	</object>
	<object class="GameParameter" id="{82879fe5-cbcf-4a09-ae7f-7d09f0845221}">
		<property name="minimum">
			<value>2</value>
		</property>
		<property name="maximum">
			<value>3</value>
		</property>
		<property name="isGlobal">
			<value>true</value>
		</property>
		<property name="initialValue">
			<value>2</value>
		</property>
		<property name="seekSpeed">
			<value>1.1000000238418579</value>
		</property>
		<property name="isExposedRecursively">
			<value>false</value>
		</property>
	</object>
</objects>
