<?xml version="1.0" encoding="UTF-8"?>
<objects serializationModel="Studio.02.02.00">
	<object class="ParameterPreset" id="{ce779805-f972-4a99-a84c-64309893c480}">
		<property name="name">
			<value>Speed</value>
		</property>
		<relationship name="folder">
			<destination>{fc4d84cc-3449-4384-aec5-203627bea1f8}</destination>
		</relationship>
		<relationship name="parameter">
			<destination>{6c35ed68-e958-4440-91e0-4cdc9f410e61}</destination>
		</relationship>
	</object>
	<object class="GameParameter" id="{6c35ed68-e958-4440-91e0-4cdc9f410e61}">
		<property name="maximum">
			<value>10</value>
		</property>
		<property name="initialValue">
			<value>0</value>
		</property>
	</object>
</objects>
