<?xml version="1.0" encoding="UTF-8"?>
<objects serializationModel="Studio.02.02.00">
	<object class="MixerReturn" id="{f0ad3adf-5625-4a9d-acf4-9aab0185cbf0}">
		<property name="overridingInputFormat">
			<value>2</value>
		</property>
		<property name="name">
			<value>Reverb</value>
		</property>
		<relationship name="effectChain">
			<destination>{5c5f8e07-27e1-4504-a35b-1c273b1f63c6}</destination>
		</relationship>
		<relationship name="panner">
			<destination>{bafc537b-5d34-459d-b6a5-36a0f021e925}</destination>
		</relationship>
		<relationship name="output">
			<destination>{81f41384-b496-47d4-af85-cec3938af736}</destination>
		</relationship>
	</object>
	<object class="MixerBusEffectChain" id="{5c5f8e07-27e1-4504-a35b-1c273b1f63c6}">
		<relationship name="effects">
			<destination>{0a6d3080-9db2-44ca-a94e-8fa9cf5efd0a}</destination>
			<destination>{a03fbcb8-0be0-4f7a-83d7-d2f9e3869db2}</destination>
		</relationship>
	</object>
	<object class="MixerBusPanner" id="{bafc537b-5d34-459d-b6a5-36a0f021e925}" />
	<object class="SFXReverbEffect" id="{0a6d3080-9db2-44ca-a94e-8fa9cf5efd0a}">
		<property name="wetLevel">
			<value>0</value>
		</property>
		<property name="dryLevel">
			<value>-80</value>
		</property>
	</object>
	<object class="MixerBusFader" id="{a03fbcb8-0be0-4f7a-83d7-d2f9e3869db2}" />
</objects>
