<?xml version="1.0" encoding="UTF-8"?>
<objects serializationModel="Studio.02.02.00">
	<object class="Event" id="{63eb7be6-4738-464e-81c0-59cbb6627eaa}">
		<property name="name">
			<value>Movement</value>
		</property>
		<property name="outputFormat">
			<value>2</value>
		</property>
		<relationship name="folder">
			<destination>{3097b8a9-9c12-40d7-a1ce-e8517d5b7ba8}</destination>
		</relationship>
		<relationship name="mixer">
			<destination>{144ea289-650f-4ac8-807a-ac0d1c3eb1f7}</destination>
		</relationship>
		<relationship name="masterTrack">
			<destination>{c21d6585-757f-4fd8-9298-5407f5b27483}</destination>
		</relationship>
		<relationship name="mixerInput">
			<destination>{0c3315b7-9f50-46cc-9d9a-d12e7523ebdb}</destination>
		</relationship>
		<relationship name="automatableProperties">
			<destination>{6581f0d2-c5e0-49f0-9632-b174ab29deaf}</destination>
		</relationship>
		<relationship name="markerTracks">
			<destination>{070a445e-cfa9-4dae-913d-12a60600cd1c}</destination>
		</relationship>
		<relationship name="groupTracks">
			<destination>{2cfda476-16f0-4e7c-9dab-8264304823c7}</destination>
			<destination>{b84f14ce-5e3c-4abe-9bc2-215fcacd7faa}</destination>
		</relationship>
		<relationship name="timeline">
			<destination>{69c126ec-f119-4305-b878-1fe2cfc992d6}</destination>
		</relationship>
		<relationship name="parameters">
			<destination>{b74be9a9-c8fe-4bb4-9db2-72b1841b9bae}</destination>
		</relationship>
		<relationship name="banks">
			<destination>{bcad78c2-c0a0-4496-b873-22c5d4cfca28}</destination>
			<destination>{57c14ca3-5824-4c28-bfe0-c53904366906}</destination>
		</relationship>
	</object>
	<object class="EventMixer" id="{144ea289-650f-4ac8-807a-ac0d1c3eb1f7}">
		<relationship name="masterBus">
			<destination>{79f3226b-c967-4d68-a523-04eea6e6e9dd}</destination>
		</relationship>
	</object>
	<object class="MasterTrack" id="{c21d6585-757f-4fd8-9298-5407f5b27483}">
		<relationship name="modules">
			<destination>{b2be763c-ab2d-4bfb-b7c5-b67d6c4ca6ac}</destination>
			<destination>{8568f8fa-b961-4329-aa62-241d7433d327}</destination>
		</relationship>
		<relationship name="mixerGroup">
			<destination>{79f3226b-c967-4d68-a523-04eea6e6e9dd}</destination>
		</relationship>
	</object>
	<object class="MixerInput" id="{0c3315b7-9f50-46cc-9d9a-d12e7523ebdb}">
		<relationship name="effectChain">
			<destination>{2ce0a415-2aed-40e9-9c7a-e888e7246245}</destination>
		</relationship>
		<relationship name="panner">
			<destination>{c0d50542-bbe6-41b4-84e8-61175327c3a6}</destination>
		</relationship>
		<relationship name="output">
			<destination>{81f41384-b496-47d4-af85-cec3938af736}</destination>
		</relationship>
	</object>
	<object class="EventAutomatableProperties" id="{6581f0d2-c5e0-49f0-9632-b174ab29deaf}" />
	<object class="MarkerTrack" id="{070a445e-cfa9-4dae-913d-12a60600cd1c}" />
	<object class="GroupTrack" id="{2cfda476-16f0-4e7c-9dab-8264304823c7}">
		<relationship name="automationTracks">
			<destination>{559e0f09-eaff-4140-877c-52a5c42a14fd}</destination>
			<destination>{754d28ad-fe39-4c88-bc5b-6ac7daa883fd}</destination>
		</relationship>
		<relationship name="modules">
			<destination>{10dd4e3a-94f0-4f79-bad6-66eca3969e8c}</destination>
			<destination>{32003711-7b47-4ed2-bb54-5206d5a595cd}</destination>
			<destination>{855bd264-8f73-43db-aba6-4cdf7d292a8e}</destination>
		</relationship>
		<relationship name="mixerGroup">
			<destination>{a8f1ce33-ddfe-4f5a-9b5f-cb5ad41042dd}</destination>
		</relationship>
	</object>
	<object class="GroupTrack" id="{b84f14ce-5e3c-4abe-9bc2-215fcacd7faa}">
		<relationship name="automationTracks">
			<destination>{6998e972-d298-4435-8952-3f2270a03770}</destination>
			<destination>{4b721549-9ff8-46a2-aed1-6f8b4f97e11b}</destination>
		</relationship>
		<relationship name="modules">
			<destination>{a61b5a9b-1455-4bab-aec6-f62af9653296}</destination>
			<destination>{b914ace6-822f-4e4f-a325-9199e74c52bc}</destination>
			<destination>{43190dac-8e5b-434f-aaaf-3a9ff4eff80a}</destination>
		</relationship>
		<relationship name="mixerGroup">
			<destination>{331825d0-d6fd-4fa5-8a8e-3b139d8108b6}</destination>
		</relationship>
	</object>
	<object class="Timeline" id="{69c126ec-f119-4305-b878-1fe2cfc992d6}">
		<relationship name="modules">
			<destination>{10dd4e3a-94f0-4f79-bad6-66eca3969e8c}</destination>
			<destination>{43190dac-8e5b-434f-aaaf-3a9ff4eff80a}</destination>
		</relationship>
		<relationship name="markers">
			<destination>{1d3bfc29-7a3e-446e-bcc4-46b5cba86449}</destination>
		</relationship>
	</object>
	<object class="ParameterProxy" id="{b74be9a9-c8fe-4bb4-9db2-72b1841b9bae}">
		<relationship name="preset">
			<destination>{6c35ed68-e958-4440-91e0-4cdc9f410e61}</destination>
		</relationship>
	</object>
	<object class="EventMixerMaster" id="{79f3226b-c967-4d68-a523-04eea6e6e9dd}">
		<relationship name="effectChain">
			<destination>{fdbcce9c-4075-4e22-92e9-2f92d4755046}</destination>
		</relationship>
		<relationship name="panner">
			<destination>{554fd532-ec35-46ef-b7e0-7ba569c78737}</destination>
		</relationship>
		<relationship name="mixer">
			<destination>{144ea289-650f-4ac8-807a-ac0d1c3eb1f7}</destination>
		</relationship>
	</object>
	<object class="TransitionSourceSound" id="{b2be763c-ab2d-4bfb-b7c5-b67d6c4ca6ac}">
		<property name="length">
			<value>0</value>
		</property>
	</object>
	<object class="TransitionDestinationSound" id="{8568f8fa-b961-4329-aa62-241d7433d327}">
		<property name="start">
			<value>0.099999999999999978</value>
		</property>
		<property name="length">
			<value>0</value>
		</property>
	</object>
	<object class="MixerBusEffectChain" id="{2ce0a415-2aed-40e9-9c7a-e888e7246245}">
		<relationship name="effects">
			<destination>{4f23e521-31a6-4f26-bd95-c3b0d762b5ca}</destination>
		</relationship>
	</object>
	<object class="MixerBusPanner" id="{c0d50542-bbe6-41b4-84e8-61175327c3a6}" />
	<object class="AutomationTrack" id="{559e0f09-eaff-4140-877c-52a5c42a14fd}">
		<relationship name="automator">
			<destination>{d4f48fe6-7e27-4176-b9f6-2dab8e313ebe}</destination>
		</relationship>
	</object>
	<object class="AutomationTrack" id="{754d28ad-fe39-4c88-bc5b-6ac7daa883fd}">
		<relationship name="automator">
			<destination>{e23562f0-0bf1-4216-b677-8b7141976ef0}</destination>
		</relationship>
	</object>
	<object class="SingleSound" id="{10dd4e3a-94f0-4f79-bad6-66eca3969e8c}">
		<property name="length">
			<value>0.33866995073891615</value>
		</property>
		<property name="timelockedOffset">
			<value>0.74495073891625596</value>
		</property>
		<relationship name="audioFile">
			<destination>{16263e19-c0d9-4b64-94c5-b80451899a19}</destination>
		</relationship>
	</object>
	<object class="TransitionSourceSound" id="{32003711-7b47-4ed2-bb54-5206d5a595cd}">
		<property name="length">
			<value>0.099999999999999978</value>
		</property>
		<relationship name="fadeOutCurve">
			<destination>{35bf4b0a-9696-4961-a20f-8d92cf909c64}</destination>
		</relationship>
	</object>
	<object class="TransitionDestinationSound" id="{855bd264-8f73-43db-aba6-4cdf7d292a8e}">
		<property name="length">
			<value>0.099999999999999978</value>
		</property>
		<relationship name="fadeInCurve">
			<destination>{97bf83e7-f322-4041-a4f7-29c2e62b7515}</destination>
		</relationship>
	</object>
	<object class="EventMixerGroup" id="{a8f1ce33-ddfe-4f5a-9b5f-cb5ad41042dd}">
		<property name="name">
			<value>Audio 1</value>
		</property>
		<relationship name="automators">
			<destination>{e23562f0-0bf1-4216-b677-8b7141976ef0}</destination>
		</relationship>
		<relationship name="effectChain">
			<destination>{605de6a7-9b26-492c-82f8-9d3c82051348}</destination>
		</relationship>
		<relationship name="panner">
			<destination>{b348d4a3-9f29-45c7-8c2e-a044b7fdbc01}</destination>
		</relationship>
		<relationship name="output">
			<destination>{79f3226b-c967-4d68-a523-04eea6e6e9dd}</destination>
		</relationship>
	</object>
	<object class="AutomationTrack" id="{6998e972-d298-4435-8952-3f2270a03770}">
		<relationship name="automator">
			<destination>{ca1b2993-6a63-4fa2-8639-132da2e1d8ab}</destination>
		</relationship>
	</object>
	<object class="AutomationTrack" id="{4b721549-9ff8-46a2-aed1-6f8b4f97e11b}">
		<relationship name="automator">
			<destination>{5c9cec70-ff6f-4e63-b0d2-eadea996cf54}</destination>
		</relationship>
	</object>
	<object class="TransitionSourceSound" id="{a61b5a9b-1455-4bab-aec6-f62af9653296}">
		<property name="length">
			<value>0.099999999999999978</value>
		</property>
		<relationship name="fadeOutCurve">
			<destination>{532328fa-9c8f-4292-9e44-b9ab7c9cb839}</destination>
		</relationship>
	</object>
	<object class="TransitionDestinationSound" id="{b914ace6-822f-4e4f-a325-9199e74c52bc}">
		<property name="length">
			<value>0.099999999999999978</value>
		</property>
		<relationship name="fadeInCurve">
			<destination>{c60accaf-800c-4800-b1d5-cb0263c6776c}</destination>
		</relationship>
	</object>
	<object class="SingleSound" id="{43190dac-8e5b-434f-aaaf-3a9ff4eff80a}">
		<property name="length">
			<value>15.994825000000002</value>
		</property>
		<property name="timelockedOffset">
			<value>0.0051750000000000025</value>
		</property>
		<relationship name="audioFile">
			<destination>{d4064675-96c6-41b9-9730-f93eead28c7b}</destination>
		</relationship>
	</object>
	<object class="EventMixerGroup" id="{331825d0-d6fd-4fa5-8a8e-3b139d8108b6}">
		<property name="name">
			<value>Audio 2</value>
		</property>
		<relationship name="automators">
			<destination>{5c9cec70-ff6f-4e63-b0d2-eadea996cf54}</destination>
		</relationship>
		<relationship name="effectChain">
			<destination>{1bd458ba-d136-49a3-8f8e-f6e2cd39324d}</destination>
		</relationship>
		<relationship name="panner">
			<destination>{abeb19b8-cd61-4ecd-a3fe-35f0abfcd259}</destination>
		</relationship>
		<relationship name="output">
			<destination>{79f3226b-c967-4d68-a523-04eea6e6e9dd}</destination>
		</relationship>
	</object>
	<object class="LoopRegion" id="{1d3bfc29-7a3e-446e-bcc4-46b5cba86449}">
		<property name="position">
			<value>0</value>
		</property>
		<property name="length">
			<value>0.11133004926108377</value>
		</property>
		<relationship name="timeline">
			<destination>{69c126ec-f119-4305-b878-1fe2cfc992d6}</destination>
		</relationship>
		<relationship name="markerTrack">
			<destination>{070a445e-cfa9-4dae-913d-12a60600cd1c}</destination>
		</relationship>
		<relationship name="transitionTimeline">
			<destination>{01bfb149-aa51-4b12-9a4c-ea50ec98ca35}</destination>
		</relationship>
	</object>
	<object class="MixerBusEffectChain" id="{fdbcce9c-4075-4e22-92e9-2f92d4755046}">
		<relationship name="effects">
			<destination>{57947092-1f92-4a47-95b1-9ea3051edb46}</destination>
			<destination>{59cfe604-3921-42d5-8a1c-ebeac74530bf}</destination>
			<destination>{c1b44295-806a-4d5f-ba72-e76424118cf0}</destination>
		</relationship>
	</object>
	<object class="MixerBusPanner" id="{554fd532-ec35-46ef-b7e0-7ba569c78737}" />
	<object class="MixerBusFader" id="{4f23e521-31a6-4f26-bd95-c3b0d762b5ca}" />
	<object class="TransitionSourceFadeOutCurve" id="{35bf4b0a-9696-4961-a20f-8d92cf909c64}">
		<relationship name="startPoint">
			<destination>{20e45f64-6d2e-4fcf-8556-6b9a72ea112c}</destination>
		</relationship>
		<relationship name="endPoint">
			<destination>{d3b1c227-b99b-457e-bc2c-02675a597867}</destination>
		</relationship>
		<relationship name="relatedModule">
			<destination>{855bd264-8f73-43db-aba6-4cdf7d292a8e}</destination>
		</relationship>
	</object>
	<object class="TransitionDestinationFadeInCurve" id="{97bf83e7-f322-4041-a4f7-29c2e62b7515}">
		<relationship name="startPoint">
			<destination>{39ffe4f7-4d81-450f-b575-4607e76bbc19}</destination>
		</relationship>
		<relationship name="endPoint">
			<destination>{4822fbaf-a5d1-4824-b07b-2c1d88119007}</destination>
		</relationship>
		<relationship name="relatedModule">
			<destination>{32003711-7b47-4ed2-bb54-5206d5a595cd}</destination>
		</relationship>
	</object>
	<object class="Automator" id="{e23562f0-0bf1-4216-b677-8b7141976ef0}">
		<property name="nameOfPropertyBeingAutomated">
			<value>volume</value>
		</property>
		<relationship name="automationCurves">
			<destination>{180adf1d-6008-4b59-9003-2d2b1f294718}</destination>
			<destination>{2ffb0a40-bc05-4373-8d66-8839f0c29bb8}</destination>
		</relationship>
	</object>
	<object class="MixerBusEffectChain" id="{605de6a7-9b26-492c-82f8-9d3c82051348}">
		<relationship name="effects">
			<destination>{b4c96666-c7c8-4245-b6dd-c30f8f5f6463}</destination>
			<destination>{db44b81d-1c84-41bd-b375-9552c3c11f46}</destination>
			<destination>{5cd118a2-31ef-4f56-95dc-bd556f175dd6}</destination>
			<destination>{c6de8e8f-5cd9-47d0-958d-68e3406aa8f5}</destination>
		</relationship>
	</object>
	<object class="MixerBusPanner" id="{b348d4a3-9f29-45c7-8c2e-a044b7fdbc01}" />
	<object class="TransitionSourceFadeOutCurve" id="{532328fa-9c8f-4292-9e44-b9ab7c9cb839}">
		<relationship name="startPoint">
			<destination>{579295a7-a2b0-4a81-886c-c9f5ff328edd}</destination>
		</relationship>
		<relationship name="endPoint">
			<destination>{6e863e1f-f233-4325-89df-83a917978325}</destination>
		</relationship>
		<relationship name="relatedModule">
			<destination>{b914ace6-822f-4e4f-a325-9199e74c52bc}</destination>
		</relationship>
	</object>
	<object class="TransitionDestinationFadeInCurve" id="{c60accaf-800c-4800-b1d5-cb0263c6776c}">
		<relationship name="startPoint">
			<destination>{908b7934-d667-4ebf-86e1-a96db8b972f8}</destination>
		</relationship>
		<relationship name="endPoint">
			<destination>{16870115-3ae0-4fc9-982e-102e45ef73ca}</destination>
		</relationship>
		<relationship name="relatedModule">
			<destination>{a61b5a9b-1455-4bab-aec6-f62af9653296}</destination>
		</relationship>
	</object>
	<object class="Automator" id="{5c9cec70-ff6f-4e63-b0d2-eadea996cf54}">
		<property name="nameOfPropertyBeingAutomated">
			<value>volume</value>
		</property>
		<relationship name="automationCurves">
			<destination>{078b6cce-d85b-464b-8cb0-a0b0f26268d6}</destination>
		</relationship>
	</object>
	<object class="MixerBusEffectChain" id="{1bd458ba-d136-49a3-8f8e-f6e2cd39324d}">
		<relationship name="effects">
			<destination>{38f684ca-a52f-4787-a073-921b064dd2ab}</destination>
			<destination>{9867b2ed-226d-4678-9780-e18f2e0c16d6}</destination>
			<destination>{8c9cffaf-e81a-4bbb-ad74-a9be1b23e12e}</destination>
			<destination>{2c9b441b-312a-4c4d-b9da-7db34e6d63ea}</destination>
		</relationship>
	</object>
	<object class="MixerBusPanner" id="{abeb19b8-cd61-4ecd-a3fe-35f0abfcd259}" />
	<object class="TransitionTimeline" id="{01bfb149-aa51-4b12-9a4c-ea50ec98ca35}">
		<property name="length">
			<value>0.10000000000000001</value>
		</property>
		<relationship name="modules">
			<destination>{32003711-7b47-4ed2-bb54-5206d5a595cd}</destination>
			<destination>{855bd264-8f73-43db-aba6-4cdf7d292a8e}</destination>
			<destination>{b2be763c-ab2d-4bfb-b7c5-b67d6c4ca6ac}</destination>
			<destination>{8568f8fa-b961-4329-aa62-241d7433d327}</destination>
			<destination>{a61b5a9b-1455-4bab-aec6-f62af9653296}</destination>
			<destination>{b914ace6-822f-4e4f-a325-9199e74c52bc}</destination>
		</relationship>
	</object>
	<object class="MixerBusFader" id="{57947092-1f92-4a47-95b1-9ea3051edb46}" />
	<object class="CompressorEffect" id="{59cfe604-3921-42d5-8a1c-ebeac74530bf}">
		<property name="threshold">
			<value>-55.5</value>
		</property>
		<property name="gain">
			<value>9.5</value>
		</property>
	</object>
	<object class="SpatialiserEffect" id="{c1b44295-806a-4d5f-ba72-e76424118cf0}">
		<property name="extentMode">
			<value>1</value>
		</property>
		<property name="soundSize">
			<value>0.5</value>
		</property>
	</object>
	<object class="AutomationPoint" id="{20e45f64-6d2e-4fcf-8556-6b9a72ea112c}">
		<property name="position">
			<value>0</value>
		</property>
		<property name="value">
			<value>1</value>
		</property>
		<property name="curveShape">
			<value>0.25471893</value>
		</property>
	</object>
	<object class="AutomationPoint" id="{d3b1c227-b99b-457e-bc2c-02675a597867}">
		<property name="position">
			<value>0.099999999999999978</value>
		</property>
		<property name="value">
			<value>0</value>
		</property>
	</object>
	<object class="AutomationPoint" id="{39ffe4f7-4d81-450f-b575-4607e76bbc19}">
		<property name="position">
			<value>0</value>
		</property>
		<property name="value">
			<value>0</value>
		</property>
		<property name="curveShape">
			<value>-0.2547189</value>
		</property>
	</object>
	<object class="AutomationPoint" id="{4822fbaf-a5d1-4824-b07b-2c1d88119007}">
		<property name="position">
			<value>0.099999999999999978</value>
		</property>
		<property name="value">
			<value>1</value>
		</property>
	</object>
	<object class="AutomationCurve" id="{180adf1d-6008-4b59-9003-2d2b1f294718}">
		<relationship name="parameter">
			<destination>{6c35ed68-e958-4440-91e0-4cdc9f410e61}</destination>
		</relationship>
		<relationship name="automationPoints">
			<destination>{3c865a6c-46e3-43a7-9247-363fd3732b52}</destination>
			<destination>{d9cb6a57-d975-452e-bf7f-6e4e7bff290f}</destination>
		</relationship>
	</object>
	<object class="AutomationCurve" id="{2ffb0a40-bc05-4373-8d66-8839f0c29bb8}">
		<relationship name="parameter">
			<destination>{69c126ec-f119-4305-b878-1fe2cfc992d6}</destination>
		</relationship>
		<relationship name="automationPoints">
			<destination>{8c1ff1f5-6174-4947-935b-80b4af6baa90}</destination>
		</relationship>
	</object>
	<object class="MultibandEqEffect" id="{b4c96666-c7c8-4245-b6dd-c30f8f5f6463}">
		<property name="frequencyA">
			<value>5963.97363</value>
		</property>
		<property name="qualityA">
			<value>0.56048274</value>
		</property>
	</object>
	<object class="MixerBusFader" id="{db44b81d-1c84-41bd-b375-9552c3c11f46}" />
	<object class="SFXReverbEffect" id="{5cd118a2-31ef-4f56-95dc-bd556f175dd6}">
		<property name="decayTime">
			<value>4900</value>
		</property>
		<property name="HFDecayRatio">
			<value>70</value>
		</property>
	</object>
	<object class="FlangerEffect" id="{c6de8e8f-5cd9-47d0-958d-68e3406aa8f5}">
		<property name="rate">
			<value>20</value>
		</property>
		<property name="mix">
			<value>62</value>
		</property>
		<relationship name="automators">
			<destination>{d4f48fe6-7e27-4176-b9f6-2dab8e313ebe}</destination>
		</relationship>
	</object>
	<object class="AutomationPoint" id="{579295a7-a2b0-4a81-886c-c9f5ff328edd}">
		<property name="position">
			<value>0</value>
		</property>
		<property name="value">
			<value>1</value>
		</property>
		<property name="curveShape">
			<value>0.25471893</value>
		</property>
	</object>
	<object class="AutomationPoint" id="{6e863e1f-f233-4325-89df-83a917978325}">
		<property name="position">
			<value>0.099999999999999978</value>
		</property>
		<property name="value">
			<value>0</value>
		</property>
	</object>
	<object class="AutomationPoint" id="{908b7934-d667-4ebf-86e1-a96db8b972f8}">
		<property name="position">
			<value>0</value>
		</property>
		<property name="value">
			<value>0</value>
		</property>
		<property name="curveShape">
			<value>-0.2547189</value>
		</property>
	</object>
	<object class="AutomationPoint" id="{16870115-3ae0-4fc9-982e-102e45ef73ca}">
		<property name="position">
			<value>0.099999999999999978</value>
		</property>
		<property name="value">
			<value>1</value>
		</property>
	</object>
	<object class="AutomationCurve" id="{078b6cce-d85b-464b-8cb0-a0b0f26268d6}">
		<relationship name="parameter">
			<destination>{6c35ed68-e958-4440-91e0-4cdc9f410e61}</destination>
		</relationship>
		<relationship name="automationPoints">
			<destination>{51b75c81-20bc-424a-8970-bf5a21c88020}</destination>
			<destination>{b718a1af-034c-44f1-82f9-fa23601d7db9}</destination>
			<destination>{15834fcd-11fa-4b78-8494-84c6f452851d}</destination>
		</relationship>
	</object>
	<object class="MixerBusFader" id="{38f684ca-a52f-4787-a073-921b064dd2ab}" />
	<object class="SFXReverbEffect" id="{9867b2ed-226d-4678-9780-e18f2e0c16d6}">
		<property name="decayTime">
			<value>4900</value>
		</property>
		<property name="HFDecayRatio">
			<value>70</value>
		</property>
	</object>
	<object class="FlangerEffect" id="{8c9cffaf-e81a-4bbb-ad74-a9be1b23e12e}">
		<property name="rate">
			<value>20</value>
		</property>
		<property name="mix">
			<value>62</value>
		</property>
		<relationship name="automators">
			<destination>{ca1b2993-6a63-4fa2-8639-132da2e1d8ab}</destination>
		</relationship>
	</object>
	<object class="MultibandEqEffect" id="{2c9b441b-312a-4c4d-b9da-7db34e6d63ea}">
		<property name="filterTypeA">
			<value>9</value>
		</property>
		<property name="frequencyA">
			<value>6479.30664</value>
		</property>
		<property name="qualityA">
			<value>0.751586199</value>
		</property>
		<property name="gainA">
			<value>-13</value>
		</property>
	</object>
	<object class="AutomationPoint" id="{3c865a6c-46e3-43a7-9247-363fd3732b52}">
		<property name="position">
			<value>0</value>
		</property>
		<property name="value">
			<value>-10</value>
		</property>
		<property name="curveShape">
			<value>-1</value>
		</property>
	</object>
	<object class="AutomationPoint" id="{d9cb6a57-d975-452e-bf7f-6e4e7bff290f}">
		<property name="position">
			<value>10</value>
		</property>
		<property name="value">
			<value>0</value>
		</property>
	</object>
	<object class="AutomationPoint" id="{8c1ff1f5-6174-4947-935b-80b4af6baa90}">
		<property name="position">
			<value>3.3073043318965518</value>
		</property>
		<property name="value">
			<value>-10</value>
		</property>
	</object>
	<object class="Automator" id="{d4f48fe6-7e27-4176-b9f6-2dab8e313ebe}">
		<property name="nameOfPropertyBeingAutomated">
			<value>delay</value>
		</property>
		<relationship name="automationCurves">
			<destination>{d3ba384c-aebf-4ac6-8318-a2fdc20a6ced}</destination>
		</relationship>
	</object>
	<object class="AutomationPoint" id="{51b75c81-20bc-424a-8970-bf5a21c88020}">
		<property name="position">
			<value>0</value>
		</property>
		<property name="value">
			<value>-6</value>
		</property>
		<property name="curveShape">
			<value>-1</value>
		</property>
	</object>
	<object class="AutomationPoint" id="{b718a1af-034c-44f1-82f9-fa23601d7db9}">
		<property name="position">
			<value>10</value>
		</property>
		<property name="value">
			<value>0</value>
		</property>
	</object>
	<object class="AutomationPoint" id="{15834fcd-11fa-4b78-8494-84c6f452851d}">
		<property name="position">
			<value>9.999979166666666</value>
		</property>
		<property name="value">
			<value>-4</value>
		</property>
	</object>
	<object class="Automator" id="{ca1b2993-6a63-4fa2-8639-132da2e1d8ab}">
		<property name="nameOfPropertyBeingAutomated">
			<value>delay</value>
		</property>
		<relationship name="automationCurves">
			<destination>{ea88aa5b-286c-4c24-b30c-adfb14d0ee19}</destination>
		</relationship>
	</object>
	<object class="AutomationCurve" id="{d3ba384c-aebf-4ac6-8318-a2fdc20a6ced}">
		<relationship name="parameter">
			<destination>{6c35ed68-e958-4440-91e0-4cdc9f410e61}</destination>
		</relationship>
		<relationship name="automationPoints">
			<destination>{a325e844-17fb-4ff7-8360-12bcae9c77a6}</destination>
			<destination>{0c3c5d80-1ebc-43dd-85c6-dc50034735d5}</destination>
		</relationship>
	</object>
	<object class="AutomationCurve" id="{ea88aa5b-286c-4c24-b30c-adfb14d0ee19}">
		<relationship name="parameter">
			<destination>{6c35ed68-e958-4440-91e0-4cdc9f410e61}</destination>
		</relationship>
		<relationship name="automationPoints">
			<destination>{afa88c6b-2a1b-4e6d-890e-2adcd0b13746}</destination>
			<destination>{a2864115-dc96-4a37-8cf3-b7e88a2d2fc8}</destination>
		</relationship>
	</object>
	<object class="AutomationPoint" id="{a325e844-17fb-4ff7-8360-12bcae9c77a6}">
		<property name="position">
			<value>10</value>
		</property>
		<property name="value">
			<value>0.600000024</value>
		</property>
	</object>
	<object class="AutomationPoint" id="{0c3c5d80-1ebc-43dd-85c6-dc50034735d5}">
		<property name="position">
			<value>0</value>
		</property>
		<property name="value">
			<value>1</value>
		</property>
		<property name="curveShape">
			<value>-1</value>
		</property>
	</object>
	<object class="AutomationPoint" id="{afa88c6b-2a1b-4e6d-890e-2adcd0b13746}">
		<property name="position">
			<value>0</value>
		</property>
		<property name="value">
			<value>0.379999995</value>
		</property>
		<property name="curveShape">
			<value>-0.104188293</value>
		</property>
	</object>
	<object class="AutomationPoint" id="{a2864115-dc96-4a37-8cf3-b7e88a2d2fc8}">
		<property name="position">
			<value>10</value>
		</property>
		<property name="value">
			<value>0.949999988</value>
		</property>
	</object>
</objects>
