<?xml version="1.0" encoding="UTF-8"?>
<objects serializationModel="Studio.02.02.00">
	<object class="Event" id="{821e044b-33c1-4e6a-8206-2a2882139486}">
		<property name="name">
			<value>BubbleLoop</value>
		</property>
		<property name="outputFormat">
			<value>1</value>
		</property>
		<relationship name="folder">
			<destination>{2b73a5f1-1e67-4fba-aac4-5a7e4bad376b}</destination>
		</relationship>
		<relationship name="mixer">
			<destination>{9d94f87b-1f12-46d5-9dcb-13b6bea8f8ee}</destination>
		</relationship>
		<relationship name="masterTrack">
			<destination>{0d17c98a-d3eb-4254-854a-620a67369f83}</destination>
		</relationship>
		<relationship name="mixerInput">
			<destination>{3384d62b-45c6-4dbf-a9b9-a701a8d4a1f5}</destination>
		</relationship>
		<relationship name="automatableProperties">
			<destination>{fc56a3e2-761a-457f-8448-e2a2b212646f}</destination>
		</relationship>
		<relationship name="markerTracks">
			<destination>{8eb1a9ef-a334-47a3-a76a-9f64e77c9304}</destination>
		</relationship>
		<relationship name="timeline">
			<destination>{1a6e59da-fd9b-4ca8-8531-04346adeaf0d}</destination>
		</relationship>
		<relationship name="parameters">
			<destination>{967833e0-727f-439d-82dc-ac677c99c36f}</destination>
		</relationship>
		<relationship name="banks">
			<destination>{57c14ca3-5824-4c28-bfe0-c53904366906}</destination>
		</relationship>
	</object>
	<object class="EventMixer" id="{9d94f87b-1f12-46d5-9dcb-13b6bea8f8ee}">
		<relationship name="masterBus">
			<destination>{b4424d11-0088-409e-86b8-abd79616147a}</destination>
		</relationship>
	</object>
	<object class="MasterTrack" id="{0d17c98a-d3eb-4254-854a-620a67369f83}">
		<relationship name="automationTracks">
			<destination>{fe8f3e6d-fa9f-4bb2-8742-3806d29f359d}</destination>
			<destination>{2d6dbe4b-074f-4a97-a92a-a098b16d936c}</destination>
			<destination>{1cbec7d9-410b-4f1f-9a2e-b82611869ea2}</destination>
			<destination>{af41b01c-e4e7-4f2e-a039-9357edaab729}</destination>
			<destination>{af4b3a18-4457-46c7-a1df-f479788989ff}</destination>
		</relationship>
		<relationship name="modules">
			<destination>{cbe287a7-0c78-4a51-8e1f-2371ea796829}</destination>
		</relationship>
		<relationship name="mixerGroup">
			<destination>{b4424d11-0088-409e-86b8-abd79616147a}</destination>
		</relationship>
	</object>
	<object class="MixerInput" id="{3384d62b-45c6-4dbf-a9b9-a701a8d4a1f5}">
		<relationship name="effectChain">
			<destination>{5dbd16eb-9af1-4886-9d57-dd5af96e40db}</destination>
		</relationship>
		<relationship name="panner">
			<destination>{8cc7fa35-ccb3-4499-a490-9472371dd95a}</destination>
		</relationship>
		<relationship name="output">
			<destination>{81f41384-b496-47d4-af85-cec3938af736}</destination>
		</relationship>
	</object>
	<object class="EventAutomatableProperties" id="{fc56a3e2-761a-457f-8448-e2a2b212646f}" />
	<object class="MarkerTrack" id="{8eb1a9ef-a334-47a3-a76a-9f64e77c9304}" />
	<object class="Timeline" id="{1a6e59da-fd9b-4ca8-8531-04346adeaf0d}">
		<relationship name="modules">
			<destination>{cbe287a7-0c78-4a51-8e1f-2371ea796829}</destination>
		</relationship>
		<relationship name="markers">
			<destination>{5e171699-b6d3-4937-a59f-be777a4100c0}</destination>
		</relationship>
	</object>
	<object class="ParameterProxy" id="{967833e0-727f-439d-82dc-ac677c99c36f}">
		<relationship name="preset">
			<destination>{a8e815a5-7d07-4eac-8a20-111844ccf750}</destination>
		</relationship>
	</object>
	<object class="EventMixerMaster" id="{b4424d11-0088-409e-86b8-abd79616147a}">
		<relationship name="automators">
			<destination>{bf96676d-bbcf-48f1-b23e-37bf13b10eb7}</destination>
		</relationship>
		<relationship name="effectChain">
			<destination>{425ba540-acc2-47e7-96d2-180f056e2f58}</destination>
		</relationship>
		<relationship name="panner">
			<destination>{c65c9449-6dd7-443b-acca-3502da8cce15}</destination>
		</relationship>
		<relationship name="mixer">
			<destination>{9d94f87b-1f12-46d5-9dcb-13b6bea8f8ee}</destination>
		</relationship>
	</object>
	<object class="AutomationTrack" id="{fe8f3e6d-fa9f-4bb2-8742-3806d29f359d}">
		<relationship name="automator">
			<destination>{bf96676d-bbcf-48f1-b23e-37bf13b10eb7}</destination>
		</relationship>
	</object>
	<object class="AutomationTrack" id="{2d6dbe4b-074f-4a97-a92a-a098b16d936c}">
		<relationship name="automator">
			<destination>{7eadc350-1e5a-4d42-9a1f-685979e0e626}</destination>
		</relationship>
	</object>
	<object class="AutomationTrack" id="{1cbec7d9-410b-4f1f-9a2e-b82611869ea2}">
		<relationship name="automator">
			<destination>{38ed6073-8072-4b0d-9644-beede17d06ac}</destination>
		</relationship>
	</object>
	<object class="AutomationTrack" id="{af41b01c-e4e7-4f2e-a039-9357edaab729}">
		<relationship name="automator">
			<destination>{335d51d4-88ef-4148-8239-c49e04f026ee}</destination>
		</relationship>
	</object>
	<object class="AutomationTrack" id="{af4b3a18-4457-46c7-a1df-f479788989ff}">
		<relationship name="automator">
			<destination>{a41043b3-55b1-4cb3-9447-5c214e02eca7}</destination>
		</relationship>
	</object>
	<object class="SingleSound" id="{cbe287a7-0c78-4a51-8e1f-2371ea796829}">
		<property name="isAsync">
			<value>true</value>
		</property>
		<property name="length">
			<value>0.5</value>
		</property>
		<property name="looping">
			<value>true</value>
		</property>
		<relationship name="audioFile">
			<destination>{346b5704-907f-4893-b26c-e3f2bae726a4}</destination>
		</relationship>
	</object>
	<object class="MixerBusEffectChain" id="{5dbd16eb-9af1-4886-9d57-dd5af96e40db}">
		<relationship name="effects">
			<destination>{f7996d43-6812-4794-96fc-e88fd6fb23b9}</destination>
		</relationship>
	</object>
	<object class="MixerBusPanner" id="{8cc7fa35-ccb3-4499-a490-9472371dd95a}" />
	<object class="LoopRegion" id="{5e171699-b6d3-4937-a59f-be777a4100c0}">
		<property name="position">
			<value>0</value>
		</property>
		<property name="length">
			<value>0.5</value>
		</property>
		<relationship name="timeline">
			<destination>{1a6e59da-fd9b-4ca8-8531-04346adeaf0d}</destination>
		</relationship>
		<relationship name="markerTrack">
			<destination>{8eb1a9ef-a334-47a3-a76a-9f64e77c9304}</destination>
		</relationship>
		<relationship name="triggerConditions">
			<destination>{fdf38a80-2b0f-4367-9c4b-a8c3dea32e2a}</destination>
		</relationship>
	</object>
	<object class="Automator" id="{bf96676d-bbcf-48f1-b23e-37bf13b10eb7}">
		<property name="nameOfPropertyBeingAutomated">
			<value>pitch</value>
		</property>
		<relationship name="automationCurves">
			<destination>{b110344d-f6bd-411e-8571-001e6427b16e}</destination>
		</relationship>
	</object>
	<object class="MixerBusEffectChain" id="{425ba540-acc2-47e7-96d2-180f056e2f58}">
		<relationship name="effects">
			<destination>{bfe3ecac-6d37-44f1-a9e1-3cb0f3027186}</destination>
			<destination>{e0ece0d3-27c0-4640-aeda-ac7595be5a3d}</destination>
			<destination>{d706b4dd-d677-4ee2-8774-523be897853e}</destination>
		</relationship>
	</object>
	<object class="MixerBusPanner" id="{c65c9449-6dd7-443b-acca-3502da8cce15}" />
	<object class="MixerBusFader" id="{f7996d43-6812-4794-96fc-e88fd6fb23b9}" />
	<object class="ParameterCondition" id="{fdf38a80-2b0f-4367-9c4b-a8c3dea32e2a}">
		<property name="minimum">
			<value>0</value>
		</property>
		<property name="maximum">
			<value>1.0900000333786011</value>
		</property>
		<relationship name="parameter">
			<destination>{a8e815a5-7d07-4eac-8a20-111844ccf750}</destination>
		</relationship>
	</object>
	<object class="AutomationCurve" id="{b110344d-f6bd-411e-8571-001e6427b16e}">
		<relationship name="parameter">
			<destination>{a8e815a5-7d07-4eac-8a20-111844ccf750}</destination>
		</relationship>
		<relationship name="automationPoints">
			<destination>{a88b66e0-cf68-427f-b305-dfaaca699618}</destination>
			<destination>{8522b8fa-799c-489a-8a51-335ed5fd787c}</destination>
		</relationship>
	</object>
	<object class="MixerBusFader" id="{bfe3ecac-6d37-44f1-a9e1-3cb0f3027186}" />
	<object class="FlangerEffect" id="{e0ece0d3-27c0-4640-aeda-ac7595be5a3d}">
		<property name="rate">
			<value>6</value>
		</property>
		<property name="delay">
			<value>0.680000007</value>
		</property>
		<property name="mix">
			<value>0</value>
		</property>
		<relationship name="automators">
			<destination>{7eadc350-1e5a-4d42-9a1f-685979e0e626}</destination>
		</relationship>
	</object>
	<object class="SFXReverbEffect" id="{d706b4dd-d677-4ee2-8774-523be897853e}">
		<property name="decayTime">
			<value>4900</value>
		</property>
		<property name="wetLevel">
			<value>-80</value>
		</property>
		<relationship name="automators">
			<destination>{38ed6073-8072-4b0d-9644-beede17d06ac}</destination>
			<destination>{335d51d4-88ef-4148-8239-c49e04f026ee}</destination>
			<destination>{a41043b3-55b1-4cb3-9447-5c214e02eca7}</destination>
		</relationship>
	</object>
	<object class="AutomationPoint" id="{a88b66e0-cf68-427f-b305-dfaaca699618}">
		<property name="position">
			<value>0</value>
		</property>
		<property name="value">
			<value>-3</value>
		</property>
	</object>
	<object class="AutomationPoint" id="{8522b8fa-799c-489a-8a51-335ed5fd787c}">
		<property name="position">
			<value>1</value>
		</property>
		<property name="value">
			<value>11</value>
		</property>
	</object>
	<object class="Automator" id="{7eadc350-1e5a-4d42-9a1f-685979e0e626}">
		<property name="nameOfPropertyBeingAutomated">
			<value>mix</value>
		</property>
		<relationship name="automationCurves">
			<destination>{11425bd1-9976-48ca-b880-3fca85634b5b}</destination>
		</relationship>
	</object>
	<object class="Automator" id="{38ed6073-8072-4b0d-9644-beede17d06ac}">
		<property name="nameOfPropertyBeingAutomated">
			<value>dryLevel</value>
		</property>
		<relationship name="automationCurves">
			<destination>{14fa0765-6f7d-4cda-ab6c-a6f1dbecf71e}</destination>
		</relationship>
	</object>
	<object class="Automator" id="{335d51d4-88ef-4148-8239-c49e04f026ee}">
		<property name="nameOfPropertyBeingAutomated">
			<value>wetLevel</value>
		</property>
		<relationship name="automationCurves">
			<destination>{81ed4ffe-c8ae-4ebf-84e4-b657ae22d38d}</destination>
		</relationship>
	</object>
	<object class="Automator" id="{a41043b3-55b1-4cb3-9447-5c214e02eca7}">
		<property name="nameOfPropertyBeingAutomated">
			<value>decayTime</value>
		</property>
		<relationship name="automationCurves">
			<destination>{6180ff7f-c830-45b9-90bf-bd72994d8ebf}</destination>
		</relationship>
	</object>
	<object class="AutomationCurve" id="{11425bd1-9976-48ca-b880-3fca85634b5b}">
		<relationship name="parameter">
			<destination>{a8e815a5-7d07-4eac-8a20-111844ccf750}</destination>
		</relationship>
		<relationship name="automationPoints">
			<destination>{40af279e-f9dd-4bce-be0d-54e36280f626}</destination>
			<destination>{b8957850-62cf-4ebf-bdd8-72d3e36688f1}</destination>
		</relationship>
	</object>
	<object class="AutomationCurve" id="{14fa0765-6f7d-4cda-ab6c-a6f1dbecf71e}">
		<relationship name="parameter">
			<destination>{a8e815a5-7d07-4eac-8a20-111844ccf750}</destination>
		</relationship>
		<relationship name="automationPoints">
			<destination>{29fa021b-cc4b-42ec-9aac-5e53042a31e7}</destination>
			<destination>{5f3791a4-6348-4556-909e-0254afd1b336}</destination>
			<destination>{e99907ec-d7ff-48a7-a903-396bc0d6045c}</destination>
		</relationship>
	</object>
	<object class="AutomationCurve" id="{81ed4ffe-c8ae-4ebf-84e4-b657ae22d38d}">
		<relationship name="parameter">
			<destination>{a8e815a5-7d07-4eac-8a20-111844ccf750}</destination>
		</relationship>
		<relationship name="automationPoints">
			<destination>{2d6f7112-c6ed-4097-a5a0-9c5345e6197e}</destination>
			<destination>{041d5b69-bda1-4575-a5de-95ecda176b87}</destination>
			<destination>{ec11a500-f796-43dd-948b-1e43578be85d}</destination>
		</relationship>
	</object>
	<object class="AutomationCurve" id="{6180ff7f-c830-45b9-90bf-bd72994d8ebf}">
		<relationship name="parameter">
			<destination>{a8e815a5-7d07-4eac-8a20-111844ccf750}</destination>
		</relationship>
		<relationship name="automationPoints">
			<destination>{67be80d9-bf72-4968-aadf-a2660e952d0f}</destination>
			<destination>{67802a0e-101f-4637-98bd-80ce78aec920}</destination>
			<destination>{4934dfcc-df45-4c9d-b92d-76618a5b6382}</destination>
		</relationship>
	</object>
	<object class="AutomationPoint" id="{40af279e-f9dd-4bce-be0d-54e36280f626}">
		<property name="position">
			<value>0.0063218390804597709</value>
		</property>
		<property name="value">
			<value>0</value>
		</property>
	</object>
	<object class="AutomationPoint" id="{b8957850-62cf-4ebf-bdd8-72d3e36688f1}">
		<property name="position">
			<value>0.99975369458128094</value>
		</property>
		<property name="value">
			<value>100</value>
		</property>
	</object>
	<object class="AutomationPoint" id="{29fa021b-cc4b-42ec-9aac-5e53042a31e7}">
		<property name="position">
			<value>0.0036124794745484405</value>
		</property>
		<property name="value">
			<value>3.81469727e-06</value>
		</property>
	</object>
	<object class="AutomationPoint" id="{5f3791a4-6348-4556-909e-0254afd1b336}">
		<property name="position">
			<value>1.0015599343185551</value>
		</property>
		<property name="value">
			<value>-10</value>
		</property>
	</object>
	<object class="AutomationPoint" id="{e99907ec-d7ff-48a7-a903-396bc0d6045c}">
		<property name="position">
			<value>1.1000000000000001</value>
		</property>
		<property name="value">
			<value>-38</value>
		</property>
	</object>
	<object class="AutomationPoint" id="{2d6f7112-c6ed-4097-a5a0-9c5345e6197e}">
		<property name="position">
			<value>0.0063218390804597709</value>
		</property>
		<property name="value">
			<value>-80</value>
		</property>
	</object>
	<object class="AutomationPoint" id="{041d5b69-bda1-4575-a5de-95ecda176b87}">
		<property name="position">
			<value>1.0042692939244664</value>
		</property>
		<property name="value">
			<value>-21</value>
		</property>
	</object>
	<object class="AutomationPoint" id="{ec11a500-f796-43dd-948b-1e43578be85d}">
		<property name="position">
			<value>1.1000000000000001</value>
		</property>
		<property name="value">
			<value>-5</value>
		</property>
	</object>
	<object class="AutomationPoint" id="{67be80d9-bf72-4968-aadf-a2660e952d0f}">
		<property name="position">
			<value>0.99975369458128094</value>
		</property>
		<property name="value">
			<value>7000</value>
		</property>
	</object>
	<object class="AutomationPoint" id="{67802a0e-101f-4637-98bd-80ce78aec920}">
		<property name="position">
			<value>1.1000000000000001</value>
		</property>
		<property name="value">
			<value>13000</value>
		</property>
	</object>
	<object class="AutomationPoint" id="{4934dfcc-df45-4c9d-b92d-76618a5b6382}">
		<property name="position">
			<value>0</value>
		</property>
		<property name="value">
			<value>3600</value>
		</property>
	</object>
</objects>
