<?xml version="1.0" encoding="UTF-8"?>
<objects serializationModel="Studio.02.02.00">
	<object class="Event" id="{ab159ac0-ead2-444c-8e76-97449f06e6b8}">
		<property name="name">
			<value>Music</value>
		</property>
		<property name="outputFormat">
			<value>1</value>
		</property>
		<relationship name="folder">
			<destination>{f63e89e3-432f-4583-a597-ebda8637ec62}</destination>
		</relationship>
		<relationship name="mixer">
			<destination>{aa696812-1793-400b-9983-75802e812d5f}</destination>
		</relationship>
		<relationship name="masterTrack">
			<destination>{882f4af3-d5c8-4bc1-9fbb-e89f5e9a75d5}</destination>
		</relationship>
		<relationship name="mixerInput">
			<destination>{77323ce5-b052-4ab1-a9d7-6139cc4cb42a}</destination>
		</relationship>
		<relationship name="automatableProperties">
			<destination>{1001b0a2-2b61-428c-89de-f0c2e1ceb3dc}</destination>
		</relationship>
		<relationship name="markerTracks">
			<destination>{7dca67f9-aaa5-4b23-9b43-c7008557ba16}</destination>
			<destination>{92ccdb64-adcf-4c17-b992-c94d5d2afb53}</destination>
		</relationship>
		<relationship name="groupTracks">
			<destination>{a604ac77-d726-4fb3-b1ac-f17c7c1791e1}</destination>
			<destination>{2d61efe4-9959-410f-947f-2040dda396e9}</destination>
			<destination>{b0a7a1bb-d46e-4aa7-be43-47e555af9f99}</destination>
			<destination>{1943716f-502a-432a-bd12-f68dd3ac5eb0}</destination>
		</relationship>
		<relationship name="timeline">
			<destination>{3e3c4cbe-cd7b-4fa9-96ec-d508a06485ac}</destination>
		</relationship>
		<relationship name="parameters">
			<destination>{7278ac3a-ff8c-4b98-aedd-ff9a0c68e8a6}</destination>
			<destination>{ce7e6019-c145-45f8-a38b-7c520003f550}</destination>
			<destination>{c5124098-974f-43ee-8674-eb8db4c75413}</destination>
			<destination>{54a45953-3103-443a-b6cf-0e25150bfc9f}</destination>
		</relationship>
		<relationship name="banks">
			<destination>{57c14ca3-5824-4c28-bfe0-c53904366906}</destination>
		</relationship>
	</object>
	<object class="EventMixer" id="{aa696812-1793-400b-9983-75802e812d5f}">
		<relationship name="masterBus">
			<destination>{2714205b-a9a5-409f-b8b0-1397b4ebd3d5}</destination>
		</relationship>
	</object>
	<object class="MasterTrack" id="{882f4af3-d5c8-4bc1-9fbb-e89f5e9a75d5}">
		<relationship name="mixerGroup">
			<destination>{2714205b-a9a5-409f-b8b0-1397b4ebd3d5}</destination>
		</relationship>
	</object>
	<object class="MixerInput" id="{77323ce5-b052-4ab1-a9d7-6139cc4cb42a}">
		<relationship name="effectChain">
			<destination>{fb14b170-c7e7-40c5-8d32-cf4fdc18133a}</destination>
		</relationship>
		<relationship name="panner">
			<destination>{2d220bab-ade2-4291-b0fd-4f6161b65bc9}</destination>
		</relationship>
		<relationship name="output">
			<destination>{81f41384-b496-47d4-af85-cec3938af736}</destination>
		</relationship>
	</object>
	<object class="EventAutomatableProperties" id="{1001b0a2-2b61-428c-89de-f0c2e1ceb3dc}" />
	<object class="MarkerTrack" id="{7dca67f9-aaa5-4b23-9b43-c7008557ba16}" />
	<object class="MarkerTrack" id="{92ccdb64-adcf-4c17-b992-c94d5d2afb53}" />
	<object class="GroupTrack" id="{a604ac77-d726-4fb3-b1ac-f17c7c1791e1}">
		<relationship name="automationTracks">
			<destination>{d3ca381a-01d3-43cd-990a-029d8effd9a5}</destination>
			<destination>{6d351305-a1c5-494b-8979-feb94471a25e}</destination>
		</relationship>
		<relationship name="modules">
			<destination>{7737367a-89ac-435f-84cb-d3c06c138050}</destination>
			<destination>{e9eec3f8-303c-4e01-baef-2115742680ed}</destination>
			<destination>{6a95e1e9-dd42-4abc-9667-07dbf37e6ba0}</destination>
			<destination>{63aaa7ac-b8f4-4463-a823-f875079084de}</destination>
		</relationship>
		<relationship name="mixerGroup">
			<destination>{ffa9fb79-3709-4f59-a4e4-c2afe6f13219}</destination>
		</relationship>
	</object>
	<object class="GroupTrack" id="{2d61efe4-9959-410f-947f-2040dda396e9}">
		<relationship name="automationTracks">
			<destination>{fafa3249-f3bf-49d1-8009-1e266762abee}</destination>
			<destination>{d74b1ee0-0915-4aea-9036-51bbdf625cb0}</destination>
			<destination>{a08ce4f0-356a-4212-8c8a-7c7a0e06bb6a}</destination>
		</relationship>
		<relationship name="modules">
			<destination>{40b1e23f-e323-4dff-b24a-412d947dbd3b}</destination>
			<destination>{f556cb6b-5901-4f6c-9e5f-177d8a1c68ce}</destination>
		</relationship>
		<relationship name="mixerGroup">
			<destination>{17af34a1-88be-4aab-a2d9-36f6aa3c9e82}</destination>
		</relationship>
	</object>
	<object class="GroupTrack" id="{b0a7a1bb-d46e-4aa7-be43-47e555af9f99}">
		<relationship name="automationTracks">
			<destination>{ffed4a21-3c04-4924-8205-996a509d4ac6}</destination>
		</relationship>
		<relationship name="modules">
			<destination>{0b78e5cb-e0a9-4968-bdcc-e1de85dd5ba4}</destination>
			<destination>{dcd5f74f-1210-45fc-b96f-d1db16018d0e}</destination>
			<destination>{11c1a0b4-8052-4cd7-a73e-f262ec42a462}</destination>
			<destination>{f8abe944-e7a7-4b92-805c-0c75a27d5366}</destination>
			<destination>{2a1d5d21-2adb-462e-91f1-3ae83becc562}</destination>
			<destination>{c57cf018-efd6-408c-9b36-d4685ba9b02d}</destination>
		</relationship>
		<relationship name="mixerGroup">
			<destination>{4385f263-6846-48e7-8a66-2412ef5ab6b4}</destination>
		</relationship>
	</object>
	<object class="GroupTrack" id="{1943716f-502a-432a-bd12-f68dd3ac5eb0}">
		<relationship name="automationTracks">
			<destination>{1a038619-3722-4254-a228-7a711ca78e23}</destination>
			<destination>{cfeada6b-0997-492c-8e99-c5d36133ee40}</destination>
		</relationship>
		<relationship name="modules">
			<destination>{be922d5e-c264-4cfa-a94e-94fa4d4b4aef}</destination>
			<destination>{13958ed7-af62-4e12-9c22-62e9947aa11d}</destination>
			<destination>{59a7e778-45d1-4c6a-863a-c03830d8d84f}</destination>
			<destination>{c1c9944b-106d-434b-8236-6b19498c9bbb}</destination>
			<destination>{3edecffa-83f8-4112-8522-98f55d842106}</destination>
			<destination>{9d82b768-0a4a-4334-91a6-a5c90102d48c}</destination>
			<destination>{74196740-7ad2-40dd-b4da-a03806336296}</destination>
			<destination>{91d8d56d-b855-47f6-af60-7408f60754ed}</destination>
			<destination>{d5389056-014e-49b1-9b7a-dc8f7a13162e}</destination>
			<destination>{9cd1e0ce-9649-40fd-94be-0bc64c33cb8d}</destination>
		</relationship>
		<relationship name="mixerGroup">
			<destination>{c90c0e31-ae41-4c03-87ec-90c5b597c93d}</destination>
		</relationship>
	</object>
	<object class="Timeline" id="{3e3c4cbe-cd7b-4fa9-96ec-d508a06485ac}">
		<relationship name="modules">
			<destination>{7737367a-89ac-435f-84cb-d3c06c138050}</destination>
			<destination>{40b1e23f-e323-4dff-b24a-412d947dbd3b}</destination>
			<destination>{f556cb6b-5901-4f6c-9e5f-177d8a1c68ce}</destination>
			<destination>{e9eec3f8-303c-4e01-baef-2115742680ed}</destination>
			<destination>{0b78e5cb-e0a9-4968-bdcc-e1de85dd5ba4}</destination>
			<destination>{dcd5f74f-1210-45fc-b96f-d1db16018d0e}</destination>
			<destination>{2a1d5d21-2adb-462e-91f1-3ae83becc562}</destination>
			<destination>{be922d5e-c264-4cfa-a94e-94fa4d4b4aef}</destination>
			<destination>{13958ed7-af62-4e12-9c22-62e9947aa11d}</destination>
			<destination>{59a7e778-45d1-4c6a-863a-c03830d8d84f}</destination>
			<destination>{c1c9944b-106d-434b-8236-6b19498c9bbb}</destination>
			<destination>{3edecffa-83f8-4112-8522-98f55d842106}</destination>
			<destination>{9d82b768-0a4a-4334-91a6-a5c90102d48c}</destination>
			<destination>{74196740-7ad2-40dd-b4da-a03806336296}</destination>
			<destination>{91d8d56d-b855-47f6-af60-7408f60754ed}</destination>
			<destination>{d5389056-014e-49b1-9b7a-dc8f7a13162e}</destination>
			<destination>{9cd1e0ce-9649-40fd-94be-0bc64c33cb8d}</destination>
		</relationship>
		<relationship name="markers">
			<destination>{a2c45781-21c4-4ad1-afb1-53a2baea3d4b}</destination>
			<destination>{c8459c5a-517d-42d5-a71f-ffe1a4859804}</destination>
			<destination>{ed11abd0-2ccc-4c3d-b0c4-9c148b08cf91}</destination>
			<destination>{59f9323b-9eaa-46f7-9558-1f9fcb5518cb}</destination>
			<destination>{0f4d060d-1b4c-4e9a-9d28-a035c9c8ca98}</destination>
			<destination>{381b9703-ede5-4ff0-beeb-5c9bcd92704b}</destination>
		</relationship>
	</object>
	<object class="ParameterProxy" id="{7278ac3a-ff8c-4b98-aedd-ff9a0c68e8a6}">
		<relationship name="modules">
			<destination>{6a95e1e9-dd42-4abc-9667-07dbf37e6ba0}</destination>
			<destination>{11c1a0b4-8052-4cd7-a73e-f262ec42a462}</destination>
		</relationship>
		<relationship name="preset">
			<destination>{82879fe5-cbcf-4a09-ae7f-7d09f0845221}</destination>
		</relationship>
	</object>
	<object class="ParameterProxy" id="{ce7e6019-c145-45f8-a38b-7c520003f550}">
		<relationship name="modules">
			<destination>{f8abe944-e7a7-4b92-805c-0c75a27d5366}</destination>
		</relationship>
		<relationship name="preset">
			<destination>{61845822-d2b8-438e-8ee6-4ea8d77065b4}</destination>
		</relationship>
	</object>
	<object class="ParameterProxy" id="{c5124098-974f-43ee-8674-eb8db4c75413}">
		<relationship name="modules">
			<destination>{63aaa7ac-b8f4-4463-a823-f875079084de}</destination>
		</relationship>
		<relationship name="preset">
			<destination>{8c7aa478-f803-4293-998a-a463624e1432}</destination>
		</relationship>
	</object>
	<object class="ParameterProxy" id="{54a45953-3103-443a-b6cf-0e25150bfc9f}">
		<relationship name="modules">
			<destination>{c57cf018-efd6-408c-9b36-d4685ba9b02d}</destination>
		</relationship>
		<relationship name="preset">
			<destination>{98aca9de-712f-49cb-803f-ae5118b35e72}</destination>
		</relationship>
	</object>
	<object class="EventMixerMaster" id="{2714205b-a9a5-409f-b8b0-1397b4ebd3d5}">
		<property name="volume">
			<value>-9</value>
		</property>
		<relationship name="effectChain">
			<destination>{661cac77-cec1-4a23-b4f3-69ebe729a91f}</destination>
		</relationship>
		<relationship name="panner">
			<destination>{336a901a-d77f-4faa-9c33-9170ba6da0ae}</destination>
		</relationship>
		<relationship name="mixer">
			<destination>{aa696812-1793-400b-9983-75802e812d5f}</destination>
		</relationship>
	</object>
	<object class="MixerBusEffectChain" id="{fb14b170-c7e7-40c5-8d32-cf4fdc18133a}">
		<relationship name="effects">
			<destination>{addf2ebe-e48f-4753-bac8-c6f3a63724ad}</destination>
		</relationship>
	</object>
	<object class="MixerBusPanner" id="{2d220bab-ade2-4291-b0fd-4f6161b65bc9}" />
	<object class="AutomationTrack" id="{d3ca381a-01d3-43cd-990a-029d8effd9a5}">
		<relationship name="automator">
			<destination>{6efb734b-3d81-4aaa-b34d-b084aabb52e3}</destination>
		</relationship>
	</object>
	<object class="AutomationTrack" id="{6d351305-a1c5-494b-8979-feb94471a25e}">
		<relationship name="automator">
			<destination>{30877b24-2662-4523-b136-019fdb4818fc}</destination>
		</relationship>
	</object>
	<object class="SingleSound" id="{7737367a-89ac-435f-84cb-d3c06c138050}">
		<property name="length">
			<value>137.14285714285714</value>
		</property>
		<relationship name="automators">
			<destination>{30877b24-2662-4523-b136-019fdb4818fc}</destination>
		</relationship>
		<relationship name="audioFile">
			<destination>{e9af81f3-9f8e-49db-bd0a-f64e3a255e9e}</destination>
		</relationship>
	</object>
	<object class="SingleSound" id="{e9eec3f8-303c-4e01-baef-2115742680ed}">
		<property name="start">
			<value>153.17772129670664</value>
		</property>
		<property name="length">
			<value>106.66666666666666</value>
		</property>
		<relationship name="automators">
			<destination>{71ecda76-d38a-4aa4-92ef-828bb1d9e7a4}</destination>
		</relationship>
		<relationship name="audioFile">
			<destination>{e9af81f3-9f8e-49db-bd0a-f64e3a255e9e}</destination>
		</relationship>
	</object>
	<object class="CommandSound" id="{6a95e1e9-dd42-4abc-9667-07dbf37e6ba0}">
		<property name="start">
			<value>2.0566502463054186</value>
		</property>
		<property name="length">
			<value>0.94334975369458163</value>
		</property>
		<property name="commandType">
			<value>3</value>
		</property>
		<property name="targetValue">
			<value>1</value>
		</property>
		<relationship name="commandTarget">
			<destination>{61845822-d2b8-438e-8ee6-4ea8d77065b4}</destination>
		</relationship>
	</object>
	<object class="SingleSound" id="{63aaa7ac-b8f4-4463-a823-f875079084de}">
		<property name="isAsync">
			<value>true</value>
		</property>
		<property name="volume">
			<value>10</value>
		</property>
		<property name="pitch">
			<value>-4</value>
		</property>
		<relationship name="audioFile">
			<destination>{8c3a4171-1bbf-40a5-b937-449d6b57518e}</destination>
		</relationship>
	</object>
	<object class="EventMixerGroup" id="{ffa9fb79-3709-4f59-a4e4-c2afe6f13219}">
		<property name="name">
			<value>2D</value>
		</property>
		<relationship name="automators">
			<destination>{6efb734b-3d81-4aaa-b34d-b084aabb52e3}</destination>
		</relationship>
		<relationship name="effectChain">
			<destination>{b4d61433-fc8e-4742-a127-0d78a651107b}</destination>
		</relationship>
		<relationship name="panner">
			<destination>{731843a8-177a-4410-9fc4-c7c7d4f9f79e}</destination>
		</relationship>
		<relationship name="output">
			<destination>{2714205b-a9a5-409f-b8b0-1397b4ebd3d5}</destination>
		</relationship>
	</object>
	<object class="AutomationTrack" id="{fafa3249-f3bf-49d1-8009-1e266762abee}">
		<relationship name="automator">
			<destination>{4ec90505-43e7-4587-843e-84aef61e295f}</destination>
		</relationship>
	</object>
	<object class="AutomationTrack" id="{d74b1ee0-0915-4aea-9036-51bbdf625cb0}">
		<relationship name="automator">
			<destination>{f443bb2a-e2f4-41e3-a16b-fd94cab66553}</destination>
		</relationship>
	</object>
	<object class="AutomationTrack" id="{a08ce4f0-356a-4212-8c8a-7c7a0e06bb6a}">
		<relationship name="automator">
			<destination>{fc243499-d6e6-42d8-a15b-648ac14e3eff}</destination>
		</relationship>
	</object>
	<object class="SingleSound" id="{40b1e23f-e323-4dff-b24a-412d947dbd3b}">
		<property name="length">
			<value>137.14285714285711</value>
		</property>
		<property name="pitch">
			<value>-4.3499999</value>
		</property>
		<relationship name="automators">
			<destination>{4ec90505-43e7-4587-843e-84aef61e295f}</destination>
		</relationship>
		<relationship name="audioFile">
			<destination>{cdbbf78c-879c-4588-a923-66dbd527fe18}</destination>
		</relationship>
	</object>
	<object class="SingleSound" id="{f556cb6b-5901-4f6c-9e5f-177d8a1c68ce}">
		<property name="start">
			<value>153.17772129670664</value>
		</property>
		<property name="length">
			<value>106.66666666666669</value>
		</property>
		<property name="pitch">
			<value>-4.3499999</value>
		</property>
		<relationship name="automators">
			<destination>{fc243499-d6e6-42d8-a15b-648ac14e3eff}</destination>
		</relationship>
		<relationship name="audioFile">
			<destination>{cdbbf78c-879c-4588-a923-66dbd527fe18}</destination>
		</relationship>
	</object>
	<object class="EventMixerGroup" id="{17af34a1-88be-4aab-a2d9-36f6aa3c9e82}">
		<property name="name">
			<value>3D</value>
		</property>
		<relationship name="automators">
			<destination>{f443bb2a-e2f4-41e3-a16b-fd94cab66553}</destination>
		</relationship>
		<relationship name="effectChain">
			<destination>{0c77d043-4e37-4ab2-8a63-690270123e24}</destination>
		</relationship>
		<relationship name="panner">
			<destination>{ca62d75f-f7a6-4f77-a3cd-d23407370642}</destination>
		</relationship>
		<relationship name="output">
			<destination>{2714205b-a9a5-409f-b8b0-1397b4ebd3d5}</destination>
		</relationship>
	</object>
	<object class="AutomationTrack" id="{ffed4a21-3c04-4924-8205-996a509d4ac6}">
		<relationship name="automator">
			<destination>{11e1d886-4ae6-4958-a8db-a04733c23a1e}</destination>
		</relationship>
	</object>
	<object class="CommandSound" id="{0b78e5cb-e0a9-4968-bdcc-e1de85dd5ba4}">
		<property name="start">
			<value>153.17772129670664</value>
		</property>
		<property name="length">
			<value>106.66666666666663</value>
		</property>
		<property name="commandType">
			<value>3</value>
		</property>
		<relationship name="commandTarget">
			<destination>{61845822-d2b8-438e-8ee6-4ea8d77065b4}</destination>
		</relationship>
	</object>
	<object class="CommandSound" id="{dcd5f74f-1210-45fc-b96f-d1db16018d0e}">
		<property name="length">
			<value>137.14285714285711</value>
		</property>
		<property name="commandType">
			<value>3</value>
		</property>
		<relationship name="commandTarget">
			<destination>{8c7aa478-f803-4293-998a-a463624e1432}</destination>
		</relationship>
	</object>
	<object class="CommandSound" id="{11c1a0b4-8052-4cd7-a73e-f262ec42a462}">
		<property name="start">
			<value>2</value>
		</property>
		<property name="length">
			<value>0.94334975369458163</value>
		</property>
		<property name="commandType">
			<value>3</value>
		</property>
		<property name="targetValue">
			<value>1</value>
		</property>
		<relationship name="commandTarget">
			<destination>{8c7aa478-f803-4293-998a-a463624e1432}</destination>
		</relationship>
	</object>
	<object class="SingleSound" id="{f8abe944-e7a7-4b92-805c-0c75a27d5366}">
		<property name="isAsync">
			<value>true</value>
		</property>
		<property name="start">
			<value>1</value>
		</property>
		<property name="startOffset">
			<value>95.5</value>
		</property>
		<property name="volume">
			<value>6</value>
		</property>
		<relationship name="audioFile">
			<destination>{4f5545a8-a441-4890-81f9-6b8222d59ca7}</destination>
		</relationship>
	</object>
	<object class="SingleSound" id="{2a1d5d21-2adb-462e-91f1-3ae83becc562}">
		<property name="isAsync">
			<value>true</value>
		</property>
		<property name="length">
			<value>148.7735949705077</value>
		</property>
		<property name="volume">
			<value>10</value>
		</property>
		<property name="pitch">
			<value>-4</value>
		</property>
		<relationship name="audioFile">
			<destination>{8c3a4171-1bbf-40a5-b937-449d6b57518e}</destination>
		</relationship>
	</object>
	<object class="CommandSound" id="{c57cf018-efd6-408c-9b36-d4685ba9b02d}">
		<property name="length">
			<value>0.398111658456486</value>
		</property>
		<property name="commandType">
			<value>3</value>
		</property>
		<property name="targetValue">
			<value>2</value>
		</property>
		<relationship name="commandTarget">
			<destination>{82879fe5-cbcf-4a09-ae7f-7d09f0845221}</destination>
		</relationship>
	</object>
	<object class="EventMixerGroup" id="{4385f263-6846-48e7-8a66-2412ef5ab6b4}">
		<property name="name">
			<value>Common</value>
		</property>
		<relationship name="automators">
			<destination>{11e1d886-4ae6-4958-a8db-a04733c23a1e}</destination>
		</relationship>
		<relationship name="effectChain">
			<destination>{33fe38c5-1409-421c-88a1-0dc229b75073}</destination>
		</relationship>
		<relationship name="panner">
			<destination>{47a99e76-3d7c-47fc-9eb8-e9b65163b829}</destination>
		</relationship>
		<relationship name="output">
			<destination>{2714205b-a9a5-409f-b8b0-1397b4ebd3d5}</destination>
		</relationship>
	</object>
	<object class="AutomationTrack" id="{1a038619-3722-4254-a228-7a711ca78e23}">
		<relationship name="automator">
			<destination>{5a0f678a-882c-4b12-9460-e44f515a09ca}</destination>
		</relationship>
	</object>
	<object class="AutomationTrack" id="{cfeada6b-0997-492c-8e99-c5d36133ee40}">
		<relationship name="automator">
			<destination>{67c421a1-5623-4004-b2e8-90bc028ac1c3}</destination>
		</relationship>
	</object>
	<object class="SingleSound" id="{be922d5e-c264-4cfa-a94e-94fa4d4b4aef}">
		<property name="length">
			<value>27.428571428571427</value>
		</property>
		<property name="volume">
			<value>-7</value>
		</property>
		<relationship name="audioFile">
			<destination>{e9b504ec-d645-4a85-a99c-f564ee40a086}</destination>
		</relationship>
	</object>
	<object class="SingleSound" id="{13958ed7-af62-4e12-9c22-62e9947aa11d}">
		<property name="start">
			<value>153.17772129670664</value>
		</property>
		<property name="length">
			<value>21.334369749688161</value>
		</property>
		<property name="volume">
			<value>-7</value>
		</property>
		<property name="pitch">
			<value>4.3499999</value>
		</property>
		<relationship name="automators">
			<destination>{67c421a1-5623-4004-b2e8-90bc028ac1c3}</destination>
		</relationship>
		<relationship name="audioFile">
			<destination>{e9b504ec-d645-4a85-a99c-f564ee40a086}</destination>
		</relationship>
	</object>
	<object class="SingleSound" id="{59a7e778-45d1-4c6a-863a-c03830d8d84f}">
		<property name="start">
			<value>27.428571428571427</value>
		</property>
		<property name="length">
			<value>27.428571428571427</value>
		</property>
		<property name="volume">
			<value>-7</value>
		</property>
		<relationship name="audioFile">
			<destination>{e9b504ec-d645-4a85-a99c-f564ee40a086}</destination>
		</relationship>
	</object>
	<object class="SingleSound" id="{c1c9944b-106d-434b-8236-6b19498c9bbb}">
		<property name="start">
			<value>54.857142857142854</value>
		</property>
		<property name="length">
			<value>27.428571428571427</value>
		</property>
		<property name="volume">
			<value>-7</value>
		</property>
		<relationship name="audioFile">
			<destination>{e9b504ec-d645-4a85-a99c-f564ee40a086}</destination>
		</relationship>
	</object>
	<object class="SingleSound" id="{3edecffa-83f8-4112-8522-98f55d842106}">
		<property name="start">
			<value>82.285714285714278</value>
		</property>
		<property name="length">
			<value>27.428571428571427</value>
		</property>
		<property name="volume">
			<value>-7</value>
		</property>
		<relationship name="audioFile">
			<destination>{e9b504ec-d645-4a85-a99c-f564ee40a086}</destination>
		</relationship>
	</object>
	<object class="SingleSound" id="{9d82b768-0a4a-4334-91a6-a5c90102d48c}">
		<property name="start">
			<value>109.71428571428571</value>
		</property>
		<property name="length">
			<value>27.428571428571427</value>
		</property>
		<property name="volume">
			<value>-7</value>
		</property>
		<relationship name="audioFile">
			<destination>{e9b504ec-d645-4a85-a99c-f564ee40a086}</destination>
		</relationship>
	</object>
	<object class="SingleSound" id="{74196740-7ad2-40dd-b4da-a03806336296}">
		<property name="start">
			<value>174.5120910463948</value>
		</property>
		<property name="length">
			<value>21.334369749688161</value>
		</property>
		<property name="volume">
			<value>-7</value>
		</property>
		<property name="pitch">
			<value>4.3499999</value>
		</property>
		<relationship name="automators">
			<destination>{ab02083b-7d22-4346-b8ce-ff73f9b74004}</destination>
		</relationship>
		<relationship name="audioFile">
			<destination>{e9b504ec-d645-4a85-a99c-f564ee40a086}</destination>
		</relationship>
	</object>
	<object class="SingleSound" id="{91d8d56d-b855-47f6-af60-7408f60754ed}">
		<property name="start">
			<value>195.84646079608297</value>
		</property>
		<property name="length">
			<value>21.334369749688161</value>
		</property>
		<property name="volume">
			<value>-7</value>
		</property>
		<property name="pitch">
			<value>4.3499999</value>
		</property>
		<relationship name="automators">
			<destination>{6c4449bf-e898-4c7d-b6e5-d89143299eb0}</destination>
		</relationship>
		<relationship name="audioFile">
			<destination>{e9b504ec-d645-4a85-a99c-f564ee40a086}</destination>
		</relationship>
	</object>
	<object class="SingleSound" id="{d5389056-014e-49b1-9b7a-dc8f7a13162e}">
		<property name="start">
			<value>217.18083054577113</value>
		</property>
		<property name="length">
			<value>21.334369749688161</value>
		</property>
		<property name="volume">
			<value>-7</value>
		</property>
		<property name="pitch">
			<value>4.3499999</value>
		</property>
		<relationship name="automators">
			<destination>{8901a793-86f0-4dd8-9cb5-8d285f9a7164}</destination>
		</relationship>
		<relationship name="audioFile">
			<destination>{e9b504ec-d645-4a85-a99c-f564ee40a086}</destination>
		</relationship>
	</object>
	<object class="SingleSound" id="{9cd1e0ce-9649-40fd-94be-0bc64c33cb8d}">
		<property name="start">
			<value>238.51520029545929</value>
		</property>
		<property name="length">
			<value>21.334369749688161</value>
		</property>
		<property name="volume">
			<value>-7</value>
		</property>
		<property name="pitch">
			<value>4.3499999</value>
		</property>
		<relationship name="automators">
			<destination>{ca72516f-1398-41eb-8d57-4bc1083e5f34}</destination>
		</relationship>
		<relationship name="audioFile">
			<destination>{e9b504ec-d645-4a85-a99c-f564ee40a086}</destination>
		</relationship>
	</object>
	<object class="EventMixerGroup" id="{c90c0e31-ae41-4c03-87ec-90c5b597c93d}">
		<property name="name">
			<value>Menu</value>
		</property>
		<relationship name="automators">
			<destination>{5a0f678a-882c-4b12-9460-e44f515a09ca}</destination>
		</relationship>
		<relationship name="effectChain">
			<destination>{81e77cd7-3dd5-449f-a808-1f6e32ccffba}</destination>
		</relationship>
		<relationship name="panner">
			<destination>{ba820858-87ff-4269-9e74-d7e12fe37126}</destination>
		</relationship>
		<relationship name="output">
			<destination>{2714205b-a9a5-409f-b8b0-1397b4ebd3d5}</destination>
		</relationship>
	</object>
	<object class="LoopRegion" id="{a2c45781-21c4-4ad1-afb1-53a2baea3d4b}">
		<property name="position">
			<value>153.17772129670664</value>
		</property>
		<property name="length">
			<value>106.66666666666663</value>
		</property>
		<property name="quantizationInterval">
			<value>6</value>
		</property>
		<property name="transitionOffset">
			<value>1</value>
		</property>
		<property name="looping">
			<value>2</value>
		</property>
		<relationship name="timeline">
			<destination>{3e3c4cbe-cd7b-4fa9-96ec-d508a06485ac}</destination>
		</relationship>
		<relationship name="markerTrack">
			<destination>{92ccdb64-adcf-4c17-b992-c94d5d2afb53}</destination>
		</relationship>
		<relationship name="triggerConditions">
			<destination>{0d6a6b59-44d0-449e-8a0c-f8b8edbf04e2}</destination>
			<destination>{37c5b50c-2ebb-49b2-9bb1-9909c3b131b3}</destination>
			<destination>{3ce22e2d-bb8d-48e3-9098-eed3a274bb5e}</destination>
		</relationship>
	</object>
	<object class="LoopRegion" id="{c8459c5a-517d-42d5-a71f-ffe1a4859804}">
		<property name="position">
			<value>0</value>
		</property>
		<property name="length">
			<value>137.14285714285711</value>
		</property>
		<property name="quantizationInterval">
			<value>6</value>
		</property>
		<property name="transitionOffset">
			<value>1</value>
		</property>
		<property name="name">
			<value>Region A</value>
		</property>
		<property name="looping">
			<value>2</value>
		</property>
		<relationship name="timeline">
			<destination>{3e3c4cbe-cd7b-4fa9-96ec-d508a06485ac}</destination>
		</relationship>
		<relationship name="markerTrack">
			<destination>{92ccdb64-adcf-4c17-b992-c94d5d2afb53}</destination>
		</relationship>
		<relationship name="triggerConditions">
			<destination>{611def3c-966b-4df7-b932-2912402419d7}</destination>
			<destination>{687687f3-a6d1-4145-a068-406eca713d59}</destination>
		</relationship>
	</object>
	<object class="TempoMarker" id="{ed11abd0-2ccc-4c3d-b0c4-9c148b08cf91}">
		<property name="position">
			<value>153.17772129670664</value>
		</property>
		<property name="tempo">
			<value>180</value>
		</property>
		<relationship name="timeline">
			<destination>{3e3c4cbe-cd7b-4fa9-96ec-d508a06485ac}</destination>
		</relationship>
		<relationship name="markerTrack">
			<destination>{92ccdb64-adcf-4c17-b992-c94d5d2afb53}</destination>
		</relationship>
	</object>
	<object class="TempoMarker" id="{59f9323b-9eaa-46f7-9558-1f9fcb5518cb}">
		<property name="position">
			<value>0</value>
		</property>
		<property name="tempo">
			<value>140</value>
		</property>
		<relationship name="timeline">
			<destination>{3e3c4cbe-cd7b-4fa9-96ec-d508a06485ac}</destination>
		</relationship>
		<relationship name="markerTrack">
			<destination>{92ccdb64-adcf-4c17-b992-c94d5d2afb53}</destination>
		</relationship>
	</object>
	<object class="LoopRegion" id="{0f4d060d-1b4c-4e9a-9d28-a035c9c8ca98}">
		<property name="position">
			<value>0</value>
		</property>
		<property name="length">
			<value>137.14285714285711</value>
		</property>
		<relationship name="timeline">
			<destination>{3e3c4cbe-cd7b-4fa9-96ec-d508a06485ac}</destination>
		</relationship>
		<relationship name="markerTrack">
			<destination>{7dca67f9-aaa5-4b23-9b43-c7008557ba16}</destination>
		</relationship>
	</object>
	<object class="LoopRegion" id="{381b9703-ede5-4ff0-beeb-5c9bcd92704b}">
		<property name="position">
			<value>153.17772129670664</value>
		</property>
		<property name="length">
			<value>106.66666666666663</value>
		</property>
		<relationship name="timeline">
			<destination>{3e3c4cbe-cd7b-4fa9-96ec-d508a06485ac}</destination>
		</relationship>
		<relationship name="markerTrack">
			<destination>{7dca67f9-aaa5-4b23-9b43-c7008557ba16}</destination>
		</relationship>
	</object>
	<object class="MixerBusEffectChain" id="{661cac77-cec1-4a23-b4f3-69ebe729a91f}">
		<relationship name="effects">
			<destination>{404e4887-8553-4692-9fb1-b4eb4d8df2fe}</destination>
		</relationship>
	</object>
	<object class="MixerBusPanner" id="{336a901a-d77f-4faa-9c33-9170ba6da0ae}" />
	<object class="MixerBusFader" id="{addf2ebe-e48f-4753-bac8-c6f3a63724ad}" />
	<object class="Automator" id="{30877b24-2662-4523-b136-019fdb4818fc}">
		<property name="nameOfPropertyBeingAutomated">
			<value>pitch</value>
		</property>
		<relationship name="automationCurves">
			<destination>{0e54200f-5bc3-43d4-8dc7-9b40fd44c86f}</destination>
		</relationship>
	</object>
	<object class="Automator" id="{71ecda76-d38a-4aa4-92ef-828bb1d9e7a4}">
		<property name="nameOfPropertyBeingAutomated">
			<value>pitch</value>
		</property>
		<relationship name="automationCurves">
			<destination>{d3ef53d7-baca-4620-900d-8e287e0c9b07}</destination>
		</relationship>
	</object>
	<object class="Automator" id="{6efb734b-3d81-4aaa-b34d-b084aabb52e3}">
		<property name="nameOfPropertyBeingAutomated">
			<value>volume</value>
		</property>
		<relationship name="automationCurves">
			<destination>{73bf236f-39a1-489f-b772-673a07725f20}</destination>
			<destination>{4f532de9-1b8f-4639-bffd-fb44bfe54ee9}</destination>
		</relationship>
	</object>
	<object class="MixerBusEffectChain" id="{b4d61433-fc8e-4742-a127-0d78a651107b}">
		<relationship name="effects">
			<destination>{7d83b4c5-4739-4d2d-8ace-c4d4265ba078}</destination>
		</relationship>
	</object>
	<object class="MixerBusPanner" id="{731843a8-177a-4410-9fc4-c7c7d4f9f79e}" />
	<object class="Automator" id="{4ec90505-43e7-4587-843e-84aef61e295f}">
		<property name="nameOfPropertyBeingAutomated">
			<value>pitch</value>
		</property>
		<relationship name="automationCurves">
			<destination>{0920ef9f-5771-4897-889e-fa734fe5dc35}</destination>
		</relationship>
	</object>
	<object class="Automator" id="{fc243499-d6e6-42d8-a15b-648ac14e3eff}">
		<property name="nameOfPropertyBeingAutomated">
			<value>pitch</value>
		</property>
		<relationship name="automationCurves">
			<destination>{fbce20a1-133d-46d6-a2fd-fc027db9d30b}</destination>
		</relationship>
	</object>
	<object class="Automator" id="{f443bb2a-e2f4-41e3-a16b-fd94cab66553}">
		<property name="nameOfPropertyBeingAutomated">
			<value>volume</value>
		</property>
		<relationship name="automationCurves">
			<destination>{490c2c01-6ad9-4e6e-b673-257485b08fab}</destination>
			<destination>{7378feef-c4df-4ccd-ae3d-dde0d2005adb}</destination>
		</relationship>
	</object>
	<object class="MixerBusEffectChain" id="{0c77d043-4e37-4ab2-8a63-690270123e24}">
		<relationship name="effects">
			<destination>{c8a9d7d6-f664-46e5-9a12-bdc2c78eec5c}</destination>
		</relationship>
	</object>
	<object class="MixerBusPanner" id="{ca62d75f-f7a6-4f77-a3cd-d23407370642}" />
	<object class="Automator" id="{11e1d886-4ae6-4958-a8db-a04733c23a1e}">
		<property name="nameOfPropertyBeingAutomated">
			<value>volume</value>
		</property>
		<relationship name="automationCurves">
			<destination>{d26bc5e5-d437-4abe-a14a-119b631ca3b3}</destination>
		</relationship>
	</object>
	<object class="MixerBusEffectChain" id="{33fe38c5-1409-421c-88a1-0dc229b75073}">
		<relationship name="effects">
			<destination>{74b61dfa-0a39-4b64-a0df-b9676e25ecfc}</destination>
			<destination>{45c694f7-47ed-4dd4-bd67-a23876509042}</destination>
		</relationship>
	</object>
	<object class="MixerBusPanner" id="{47a99e76-3d7c-47fc-9eb8-e9b65163b829}" />
	<object class="Automator" id="{67c421a1-5623-4004-b2e8-90bc028ac1c3}">
		<property name="nameOfPropertyBeingAutomated">
			<value>pitch</value>
		</property>
		<relationship name="automationCurves">
			<destination>{cfa81134-9d14-4f24-8ee5-cec4d5c0b348}</destination>
		</relationship>
	</object>
	<object class="Automator" id="{ab02083b-7d22-4346-b8ce-ff73f9b74004}">
		<property name="nameOfPropertyBeingAutomated">
			<value>pitch</value>
		</property>
		<relationship name="automationCurves">
			<destination>{02525966-cb22-4978-9293-7a92c2105ce8}</destination>
		</relationship>
	</object>
	<object class="Automator" id="{6c4449bf-e898-4c7d-b6e5-d89143299eb0}">
		<property name="nameOfPropertyBeingAutomated">
			<value>pitch</value>
		</property>
		<relationship name="automationCurves">
			<destination>{c05aa427-ec5c-4316-a9e1-28b3e92c0151}</destination>
		</relationship>
	</object>
	<object class="Automator" id="{8901a793-86f0-4dd8-9cb5-8d285f9a7164}">
		<property name="nameOfPropertyBeingAutomated">
			<value>pitch</value>
		</property>
		<relationship name="automationCurves">
			<destination>{3a644058-5c49-4063-9d6a-d42cfb662d06}</destination>
		</relationship>
	</object>
	<object class="Automator" id="{ca72516f-1398-41eb-8d57-4bc1083e5f34}">
		<property name="nameOfPropertyBeingAutomated">
			<value>pitch</value>
		</property>
		<relationship name="automationCurves">
			<destination>{bfd044da-1573-4a10-a453-62bc2df6460e}</destination>
		</relationship>
	</object>
	<object class="Automator" id="{5a0f678a-882c-4b12-9460-e44f515a09ca}">
		<property name="nameOfPropertyBeingAutomated">
			<value>volume</value>
		</property>
		<relationship name="automationCurves">
			<destination>{a474be60-2d5a-4e9d-af3c-313e1d510c8f}</destination>
		</relationship>
	</object>
	<object class="MixerBusEffectChain" id="{81e77cd7-3dd5-449f-a808-1f6e32ccffba}">
		<relationship name="effects">
			<destination>{e07c863a-6f4c-4aa5-b2f8-8a584e44e334}</destination>
		</relationship>
	</object>
	<object class="MixerBusPanner" id="{ba820858-87ff-4269-9e74-d7e12fe37126}" />
	<object class="ParameterCondition" id="{0d6a6b59-44d0-449e-8a0c-f8b8edbf04e2}">
		<property name="minimum">
			<value>1</value>
		</property>
		<property name="maximum">
			<value>1</value>
		</property>
		<relationship name="parameter">
			<destination>{61845822-d2b8-438e-8ee6-4ea8d77065b4}</destination>
		</relationship>
	</object>
	<object class="ParameterCondition" id="{37c5b50c-2ebb-49b2-9bb1-9909c3b131b3}">
		<property name="minimum">
			<value>2.494999885559082</value>
		</property>
		<property name="maximum">
			<value>3</value>
		</property>
		<relationship name="parameter">
			<destination>{82879fe5-cbcf-4a09-ae7f-7d09f0845221}</destination>
		</relationship>
	</object>
	<object class="ParameterCondition" id="{3ce22e2d-bb8d-48e3-9098-eed3a274bb5e}">
		<property name="minimum">
			<value>0.50999999046325684</value>
		</property>
		<property name="maximum">
			<value>1</value>
		</property>
		<relationship name="parameter">
			<destination>{98aca9de-712f-49cb-803f-ae5118b35e72}</destination>
		</relationship>
	</object>
	<object class="ParameterCondition" id="{611def3c-966b-4df7-b932-2912402419d7}">
		<property name="minimum">
			<value>1</value>
		</property>
		<property name="maximum">
			<value>1</value>
		</property>
		<relationship name="parameter">
			<destination>{8c7aa478-f803-4293-998a-a463624e1432}</destination>
		</relationship>
	</object>
	<object class="ParameterCondition" id="{687687f3-a6d1-4145-a068-406eca713d59}">
		<property name="minimum">
			<value>2</value>
		</property>
		<property name="maximum">
			<value>2.3799998760223389</value>
		</property>
		<relationship name="parameter">
			<destination>{82879fe5-cbcf-4a09-ae7f-7d09f0845221}</destination>
		</relationship>
	</object>
	<object class="MixerBusFader" id="{404e4887-8553-4692-9fb1-b4eb4d8df2fe}" />
	<object class="AutomationCurve" id="{0e54200f-5bc3-43d4-8dc7-9b40fd44c86f}">
		<relationship name="parameter">
			<destination>{82879fe5-cbcf-4a09-ae7f-7d09f0845221}</destination>
		</relationship>
		<relationship name="automationPoints">
			<destination>{99f24091-3298-46d6-ad40-775ae7c841d1}</destination>
			<destination>{272b66e6-1d25-41cf-b979-44a8f0540025}</destination>
		</relationship>
	</object>
	<object class="AutomationCurve" id="{d3ef53d7-baca-4620-900d-8e287e0c9b07}">
		<relationship name="parameter">
			<destination>{82879fe5-cbcf-4a09-ae7f-7d09f0845221}</destination>
		</relationship>
		<relationship name="automationPoints">
			<destination>{250be987-0d2f-43b1-a7e6-cb90b0ca04fe}</destination>
			<destination>{a0732666-c0ec-4144-8a60-eb8a64a31ff6}</destination>
		</relationship>
	</object>
	<object class="AutomationCurve" id="{73bf236f-39a1-489f-b772-673a07725f20}">
		<relationship name="parameter">
			<destination>{82879fe5-cbcf-4a09-ae7f-7d09f0845221}</destination>
		</relationship>
		<relationship name="automationPoints">
			<destination>{4e3df591-9007-4d8a-9b7a-a5fcaa80a856}</destination>
			<destination>{c95f3161-0ce2-4c8e-af35-9056ce62cd47}</destination>
		</relationship>
	</object>
	<object class="AutomationCurve" id="{4f532de9-1b8f-4639-bffd-fb44bfe54ee9}">
		<relationship name="parameter">
			<destination>{98aca9de-712f-49cb-803f-ae5118b35e72}</destination>
		</relationship>
		<relationship name="automationPoints">
			<destination>{ff136b38-12e2-4855-a1db-9ab9b95f6847}</destination>
			<destination>{514de165-59dc-4f76-9f3f-53fabff2d470}</destination>
		</relationship>
	</object>
	<object class="MixerBusFader" id="{7d83b4c5-4739-4d2d-8ace-c4d4265ba078}" />
	<object class="AutomationCurve" id="{0920ef9f-5771-4897-889e-fa734fe5dc35}">
		<relationship name="parameter">
			<destination>{82879fe5-cbcf-4a09-ae7f-7d09f0845221}</destination>
		</relationship>
		<relationship name="automationPoints">
			<destination>{9fe85d5f-7511-402f-ada7-7576cd833499}</destination>
			<destination>{330edf3c-2ab6-4d88-9798-b76b47bee928}</destination>
		</relationship>
	</object>
	<object class="AutomationCurve" id="{fbce20a1-133d-46d6-a2fd-fc027db9d30b}">
		<relationship name="parameter">
			<destination>{82879fe5-cbcf-4a09-ae7f-7d09f0845221}</destination>
		</relationship>
		<relationship name="automationPoints">
			<destination>{c28d8832-ee4a-444e-99b6-948f243f7ee8}</destination>
			<destination>{4b2ebf3e-b326-41bc-89ba-da748dce9fee}</destination>
		</relationship>
	</object>
	<object class="AutomationCurve" id="{490c2c01-6ad9-4e6e-b673-257485b08fab}">
		<relationship name="parameter">
			<destination>{82879fe5-cbcf-4a09-ae7f-7d09f0845221}</destination>
		</relationship>
		<relationship name="automationPoints">
			<destination>{daf5840d-7aa5-4f0d-abd5-3bb9c36f1934}</destination>
			<destination>{1b1ec638-7d09-482e-a863-fcfe06bf07d6}</destination>
		</relationship>
	</object>
	<object class="AutomationCurve" id="{7378feef-c4df-4ccd-ae3d-dde0d2005adb}">
		<relationship name="parameter">
			<destination>{98aca9de-712f-49cb-803f-ae5118b35e72}</destination>
		</relationship>
		<relationship name="automationPoints">
			<destination>{39f1e4dd-18cb-44b4-bcef-5d47dca245ca}</destination>
			<destination>{adfe3ebb-844b-4691-bd1e-847eddde0d85}</destination>
		</relationship>
	</object>
	<object class="MixerBusFader" id="{c8a9d7d6-f664-46e5-9a12-bdc2c78eec5c}" />
	<object class="AutomationCurve" id="{d26bc5e5-d437-4abe-a14a-119b631ca3b3}">
		<relationship name="parameter">
			<destination>{98aca9de-712f-49cb-803f-ae5118b35e72}</destination>
		</relationship>
		<relationship name="automationPoints">
			<destination>{8f83b7eb-96b7-4926-b37f-69fa6c957e61}</destination>
			<destination>{28d9e772-a28d-4f38-b55f-a7964dab60e3}</destination>
		</relationship>
	</object>
	<object class="MixerBusFader" id="{74b61dfa-0a39-4b64-a0df-b9676e25ecfc}" />
	<object class="SFXReverbEffect" id="{45c694f7-47ed-4dd4-bd67-a23876509042}">
		<property name="decayTime">
			<value>1100</value>
		</property>
		<property name="lowShelfGain">
			<value>-20</value>
		</property>
		<property name="highCut">
			<value>900</value>
		</property>
		<property name="dryLevel">
			<value>-13.5</value>
		</property>
	</object>
	<object class="AutomationCurve" id="{cfa81134-9d14-4f24-8ee5-cec4d5c0b348}">
		<relationship name="parameter">
			<destination>{98aca9de-712f-49cb-803f-ae5118b35e72}</destination>
		</relationship>
		<relationship name="automationPoints">
			<destination>{d7f7bf8c-771d-482e-8a64-c7aeda08bef8}</destination>
			<destination>{d547fcce-d458-45f8-b925-0f84799767b5}</destination>
		</relationship>
	</object>
	<object class="AutomationCurve" id="{02525966-cb22-4978-9293-7a92c2105ce8}">
		<relationship name="parameter">
			<destination>{98aca9de-712f-49cb-803f-ae5118b35e72}</destination>
		</relationship>
		<relationship name="automationPoints">
			<destination>{ab1a75de-97fa-48bb-ab17-1f9b58fd8788}</destination>
			<destination>{82c83af5-4c94-430c-9f3d-bb3b3cfa5305}</destination>
		</relationship>
	</object>
	<object class="AutomationCurve" id="{c05aa427-ec5c-4316-a9e1-28b3e92c0151}">
		<relationship name="parameter">
			<destination>{98aca9de-712f-49cb-803f-ae5118b35e72}</destination>
		</relationship>
		<relationship name="automationPoints">
			<destination>{bf0da982-78c5-44f4-aa88-ff37534231eb}</destination>
			<destination>{978b8f70-a696-47cc-b646-f39e4d547b74}</destination>
		</relationship>
	</object>
	<object class="AutomationCurve" id="{3a644058-5c49-4063-9d6a-d42cfb662d06}">
		<relationship name="parameter">
			<destination>{98aca9de-712f-49cb-803f-ae5118b35e72}</destination>
		</relationship>
		<relationship name="automationPoints">
			<destination>{173b42ad-7050-475c-9c0b-9a6f8d71da24}</destination>
			<destination>{3905902b-2e3c-4b91-b624-71500d3be58d}</destination>
		</relationship>
	</object>
	<object class="AutomationCurve" id="{bfd044da-1573-4a10-a453-62bc2df6460e}">
		<relationship name="parameter">
			<destination>{98aca9de-712f-49cb-803f-ae5118b35e72}</destination>
		</relationship>
		<relationship name="automationPoints">
			<destination>{fc3b610b-5e99-44b7-adc9-e94042e9db4b}</destination>
			<destination>{b607bc6d-b44d-4b06-bf3a-2a6b3306faae}</destination>
		</relationship>
	</object>
	<object class="AutomationCurve" id="{a474be60-2d5a-4e9d-af3c-313e1d510c8f}">
		<relationship name="parameter">
			<destination>{98aca9de-712f-49cb-803f-ae5118b35e72}</destination>
		</relationship>
		<relationship name="automationPoints">
			<destination>{c2cbac76-0669-433b-896c-8d4f49b6df29}</destination>
			<destination>{5c1323cf-3bfd-4956-9da4-058a6d9c9074}</destination>
		</relationship>
	</object>
	<object class="MixerBusFader" id="{e07c863a-6f4c-4aa5-b2f8-8a584e44e334}" />
	<object class="AutomationPoint" id="{99f24091-3298-46d6-ad40-775ae7c841d1}">
		<property name="position">
			<value>2.0057471264367814</value>
		</property>
		<property name="value">
			<value>0</value>
		</property>
	</object>
	<object class="AutomationPoint" id="{272b66e6-1d25-41cf-b979-44a8f0540025}">
		<property name="position">
			<value>3</value>
		</property>
		<property name="value">
			<value>0</value>
		</property>
	</object>
	<object class="AutomationPoint" id="{250be987-0d2f-43b1-a7e6-cb90b0ca04fe}">
		<property name="position">
			<value>2</value>
		</property>
		<property name="value">
			<value>-0.649997711</value>
		</property>
	</object>
	<object class="AutomationPoint" id="{a0732666-c0ec-4144-8a60-eb8a64a31ff6}">
		<property name="position">
			<value>3</value>
		</property>
		<property name="value">
			<value>4.35000229</value>
		</property>
	</object>
	<object class="AutomationPoint" id="{4e3df591-9007-4d8a-9b7a-a5fcaa80a856}">
		<property name="position">
			<value>2</value>
		</property>
		<property name="value">
			<value>-7</value>
		</property>
	</object>
	<object class="AutomationPoint" id="{c95f3161-0ce2-4c8e-af35-9056ce62cd47}">
		<property name="position">
			<value>3</value>
		</property>
		<property name="value">
			<value>-80</value>
		</property>
	</object>
	<object class="AutomationPoint" id="{ff136b38-12e2-4855-a1db-9ab9b95f6847}">
		<property name="position">
			<value>0</value>
		</property>
		<property name="value">
			<value>-80</value>
		</property>
	</object>
	<object class="AutomationPoint" id="{514de165-59dc-4f76-9f3f-53fabff2d470}">
		<property name="position">
			<value>1</value>
		</property>
		<property name="value">
			<value>0</value>
		</property>
	</object>
	<object class="AutomationPoint" id="{9fe85d5f-7511-402f-ada7-7576cd833499}">
		<property name="position">
			<value>2.0016420361247946</value>
		</property>
		<property name="value">
			<value>-4.34999847</value>
		</property>
	</object>
	<object class="AutomationPoint" id="{330edf3c-2ab6-4d88-9798-b76b47bee928}">
		<property name="position">
			<value>3</value>
		</property>
		<property name="value">
			<value>0</value>
		</property>
	</object>
	<object class="AutomationPoint" id="{c28d8832-ee4a-444e-99b6-948f243f7ee8}">
		<property name="position">
			<value>2.0016420361247946</value>
		</property>
		<property name="value">
			<value>0</value>
		</property>
	</object>
	<object class="AutomationPoint" id="{4b2ebf3e-b326-41bc-89ba-da748dce9fee}">
		<property name="position">
			<value>3</value>
		</property>
		<property name="value">
			<value>0</value>
		</property>
	</object>
	<object class="AutomationPoint" id="{daf5840d-7aa5-4f0d-abd5-3bb9c36f1934}">
		<property name="position">
			<value>2</value>
		</property>
		<property name="value">
			<value>-80</value>
		</property>
	</object>
	<object class="AutomationPoint" id="{1b1ec638-7d09-482e-a863-fcfe06bf07d6}">
		<property name="position">
			<value>2.9885057471264367</value>
		</property>
		<property name="value">
			<value>3.81469727e-06</value>
		</property>
	</object>
	<object class="AutomationPoint" id="{39f1e4dd-18cb-44b4-bcef-5d47dca245ca}">
		<property name="position">
			<value>0</value>
		</property>
		<property name="value">
			<value>-80</value>
		</property>
	</object>
	<object class="AutomationPoint" id="{adfe3ebb-844b-4691-bd1e-847eddde0d85}">
		<property name="position">
			<value>0.99014778325123154</value>
		</property>
		<property name="value">
			<value>3.81469727e-06</value>
		</property>
	</object>
	<object class="AutomationPoint" id="{8f83b7eb-96b7-4926-b37f-69fa6c957e61}">
		<property name="position">
			<value>0</value>
		</property>
		<property name="value">
			<value>-80</value>
		</property>
	</object>
	<object class="AutomationPoint" id="{28d9e772-a28d-4f38-b55f-a7964dab60e3}">
		<property name="position">
			<value>0.99014778325123154</value>
		</property>
		<property name="value">
			<value>3.81469727e-06</value>
		</property>
	</object>
	<object class="AutomationPoint" id="{d7f7bf8c-771d-482e-8a64-c7aeda08bef8}">
		<property name="position">
			<value>0</value>
		</property>
		<property name="value">
			<value>0</value>
		</property>
	</object>
	<object class="AutomationPoint" id="{d547fcce-d458-45f8-b925-0f84799767b5}">
		<property name="position">
			<value>0.98932676518883411</value>
		</property>
		<property name="value">
			<value>4.35000229</value>
		</property>
	</object>
	<object class="AutomationPoint" id="{ab1a75de-97fa-48bb-ab17-1f9b58fd8788}">
		<property name="position">
			<value>0</value>
		</property>
		<property name="value">
			<value>0</value>
		</property>
	</object>
	<object class="AutomationPoint" id="{82c83af5-4c94-430c-9f3d-bb3b3cfa5305}">
		<property name="position">
			<value>0.98932676518883411</value>
		</property>
		<property name="value">
			<value>4.35000229</value>
		</property>
	</object>
	<object class="AutomationPoint" id="{bf0da982-78c5-44f4-aa88-ff37534231eb}">
		<property name="position">
			<value>0</value>
		</property>
		<property name="value">
			<value>0</value>
		</property>
	</object>
	<object class="AutomationPoint" id="{978b8f70-a696-47cc-b646-f39e4d547b74}">
		<property name="position">
			<value>0.98932676518883411</value>
		</property>
		<property name="value">
			<value>4.35000229</value>
		</property>
	</object>
	<object class="AutomationPoint" id="{173b42ad-7050-475c-9c0b-9a6f8d71da24}">
		<property name="position">
			<value>0</value>
		</property>
		<property name="value">
			<value>0</value>
		</property>
	</object>
	<object class="AutomationPoint" id="{3905902b-2e3c-4b91-b624-71500d3be58d}">
		<property name="position">
			<value>0.98932676518883411</value>
		</property>
		<property name="value">
			<value>4.35000229</value>
		</property>
	</object>
	<object class="AutomationPoint" id="{fc3b610b-5e99-44b7-adc9-e94042e9db4b}">
		<property name="position">
			<value>0</value>
		</property>
		<property name="value">
			<value>0</value>
		</property>
	</object>
	<object class="AutomationPoint" id="{b607bc6d-b44d-4b06-bf3a-2a6b3306faae}">
		<property name="position">
			<value>0.98932676518883411</value>
		</property>
		<property name="value">
			<value>4.35000229</value>
		</property>
	</object>
	<object class="AutomationPoint" id="{c2cbac76-0669-433b-896c-8d4f49b6df29}">
		<property name="position">
			<value>1</value>
		</property>
		<property name="value">
			<value>-56.6666679</value>
		</property>
	</object>
	<object class="AutomationPoint" id="{5c1323cf-3bfd-4956-9da4-058a6d9c9074}">
		<property name="position">
			<value>0.0041050903119868639</value>
		</property>
		<property name="value">
			<value>0</value>
		</property>
	</object>
</objects>
