<?xml version="1.0" encoding="UTF-8"?>
<objects serializationModel="Studio.02.02.00">
	<object class="Event" id="{f2bc2792-1a3c-4545-a31f-b56956186766}">
		<property name="name">
			<value>Footsteps</value>
		</property>
		<property name="outputFormat">
			<value>0</value>
		</property>
		<relationship name="folder">
			<destination>{2b73a5f1-1e67-4fba-aac4-5a7e4bad376b}</destination>
		</relationship>
		<relationship name="mixer">
			<destination>{7f958fe1-e0eb-4012-9328-c3734ee69b71}</destination>
		</relationship>
		<relationship name="masterTrack">
			<destination>{7d4a4ef7-2b4e-4f4b-ba64-36754acaada7}</destination>
		</relationship>
		<relationship name="mixerInput">
			<destination>{92199692-3a95-4181-9d24-f5fb491abfab}</destination>
		</relationship>
		<relationship name="automatableProperties">
			<destination>{57307fac-10c8-4bf2-b3f6-51bd6c1a6f03}</destination>
		</relationship>
		<relationship name="markerTracks">
			<destination>{594089c4-608a-45d4-b4be-bf59229cd3be}</destination>
		</relationship>
		<relationship name="groupTracks">
			<destination>{e9fb6409-bb3e-4e3b-8b6a-10383c9b1ad3}</destination>
		</relationship>
		<relationship name="timeline">
			<destination>{b77b0413-515c-4255-bbc1-8a1317e3277a}</destination>
		</relationship>
		<relationship name="banks">
			<destination>{c351ab00-0ddc-437d-8763-77391dcb6ab7}</destination>
			<destination>{57c14ca3-5824-4c28-bfe0-c53904366906}</destination>
		</relationship>
	</object>
	<object class="EventMixer" id="{7f958fe1-e0eb-4012-9328-c3734ee69b71}">
		<relationship name="masterBus">
			<destination>{2adb4ed1-00ec-4e14-89e7-b906bc4e950f}</destination>
		</relationship>
	</object>
	<object class="MasterTrack" id="{7d4a4ef7-2b4e-4f4b-ba64-36754acaada7}">
		<relationship name="mixerGroup">
			<destination>{2adb4ed1-00ec-4e14-89e7-b906bc4e950f}</destination>
		</relationship>
	</object>
	<object class="MixerInput" id="{92199692-3a95-4181-9d24-f5fb491abfab}">
		<relationship name="effectChain">
			<destination>{11cd4dfa-0bb3-46b1-b8bc-b12f40663821}</destination>
		</relationship>
		<relationship name="panner">
			<destination>{4e02ce3c-eb24-4417-b768-97c5354fe390}</destination>
		</relationship>
		<relationship name="output">
			<destination>{81f41384-b496-47d4-af85-cec3938af736}</destination>
		</relationship>
	</object>
	<object class="EventAutomatableProperties" id="{57307fac-10c8-4bf2-b3f6-51bd6c1a6f03}">
		<property name="isPersistent">
			<value>true</value>
		</property>
	</object>
	<object class="MarkerTrack" id="{594089c4-608a-45d4-b4be-bf59229cd3be}" />
	<object class="GroupTrack" id="{e9fb6409-bb3e-4e3b-8b6a-10383c9b1ad3}">
		<relationship name="modules">
			<destination>{3fc69276-b49a-4090-aee2-1c1db691d5a9}</destination>
		</relationship>
		<relationship name="mixerGroup">
			<destination>{1b0f40a6-7dc8-4057-8c8c-c0fa013416eb}</destination>
		</relationship>
	</object>
	<object class="Timeline" id="{b77b0413-515c-4255-bbc1-8a1317e3277a}">
		<relationship name="modules">
			<destination>{3fc69276-b49a-4090-aee2-1c1db691d5a9}</destination>
		</relationship>
		<relationship name="markers">
			<destination>{2ee282ce-acea-4d7b-9d71-6c1c48d877b8}</destination>
		</relationship>
	</object>
	<object class="EventMixerMaster" id="{2adb4ed1-00ec-4e14-89e7-b906bc4e950f}">
		<relationship name="effectChain">
			<destination>{7b9fb0f1-5a97-4af3-9019-1d9db45234c5}</destination>
		</relationship>
		<relationship name="panner">
			<destination>{e52cb62f-41be-4942-a4e7-ea4915b1e5ba}</destination>
		</relationship>
		<relationship name="mixer">
			<destination>{7f958fe1-e0eb-4012-9328-c3734ee69b71}</destination>
		</relationship>
	</object>
	<object class="MixerBusEffectChain" id="{11cd4dfa-0bb3-46b1-b8bc-b12f40663821}">
		<relationship name="effects">
			<destination>{28dc0079-bc80-4eed-bcb4-6832bcdac6d6}</destination>
		</relationship>
	</object>
	<object class="MixerBusPanner" id="{4e02ce3c-eb24-4417-b768-97c5354fe390}" />
	<object class="MultiSound" id="{3fc69276-b49a-4090-aee2-1c1db691d5a9}">
		<property name="length">
			<value>0.52649999999999997</value>
		</property>
		<relationship name="sounds">
			<destination>{7902e6f4-a855-4855-910e-c7b674623b5b}</destination>
			<destination>{84042b06-bb40-4de4-984b-62687b76de13}</destination>
			<destination>{53f3df2a-ac64-4c64-912f-699afdf8ee84}</destination>
			<destination>{768c1dad-85eb-4a63-a359-3c1012c2dd04}</destination>
			<destination>{dc2cb8b4-ebbd-4459-93c4-2772eb1e5789}</destination>
		</relationship>
	</object>
	<object class="EventMixerGroup" id="{1b0f40a6-7dc8-4057-8c8c-c0fa013416eb}">
		<property name="volume">
			<value>-11.5</value>
		</property>
		<property name="name">
			<value>Audio 1</value>
		</property>
		<relationship name="effectChain">
			<destination>{e6bf2abb-80e0-40db-a8b4-3b7758490a88}</destination>
		</relationship>
		<relationship name="panner">
			<destination>{8e9f333f-a6c3-4a72-86dc-15e67a55c374}</destination>
		</relationship>
		<relationship name="output">
			<destination>{2adb4ed1-00ec-4e14-89e7-b906bc4e950f}</destination>
		</relationship>
	</object>
	<object class="LoopRegion" id="{2ee282ce-acea-4d7b-9d71-6c1c48d877b8}">
		<property name="position">
			<value>0</value>
		</property>
		<property name="length">
			<value>0.20999999999999999</value>
		</property>
		<relationship name="timeline">
			<destination>{b77b0413-515c-4255-bbc1-8a1317e3277a}</destination>
		</relationship>
		<relationship name="markerTrack">
			<destination>{594089c4-608a-45d4-b4be-bf59229cd3be}</destination>
		</relationship>
	</object>
	<object class="MixerBusEffectChain" id="{7b9fb0f1-5a97-4af3-9019-1d9db45234c5}">
		<relationship name="effects">
			<destination>{d18ac32f-2edf-4bfa-854e-d2833e37072b}</destination>
		</relationship>
	</object>
	<object class="MixerBusPanner" id="{e52cb62f-41be-4942-a4e7-ea4915b1e5ba}" />
	<object class="MixerBusFader" id="{28dc0079-bc80-4eed-bcb4-6832bcdac6d6}" />
	<object class="SingleSound" id="{7902e6f4-a855-4855-910e-c7b674623b5b}">
		<relationship name="audioFile">
			<destination>{8a1ac15c-104e-4d9e-bb45-f479c44f5977}</destination>
		</relationship>
	</object>
	<object class="SingleSound" id="{84042b06-bb40-4de4-984b-62687b76de13}">
		<relationship name="audioFile">
			<destination>{c67cbcb7-bb2b-4400-9938-a6974be15922}</destination>
		</relationship>
	</object>
	<object class="SingleSound" id="{53f3df2a-ac64-4c64-912f-699afdf8ee84}">
		<relationship name="audioFile">
			<destination>{24683a4d-1486-434b-83e4-44522254ee15}</destination>
		</relationship>
	</object>
	<object class="SingleSound" id="{768c1dad-85eb-4a63-a359-3c1012c2dd04}">
		<relationship name="audioFile">
			<destination>{8c3a4171-1bbf-40a5-b937-449d6b57518e}</destination>
		</relationship>
	</object>
	<object class="SingleSound" id="{dc2cb8b4-ebbd-4459-93c4-2772eb1e5789}">
		<relationship name="audioFile">
			<destination>{bf7f5e23-697a-43c0-b356-f1de38bad241}</destination>
		</relationship>
	</object>
	<object class="MixerBusEffectChain" id="{e6bf2abb-80e0-40db-a8b4-3b7758490a88}">
		<relationship name="effects">
			<destination>{30b64b07-53ce-4a85-bba1-270f0085ac4e}</destination>
			<destination>{0d1a8644-ec08-4f68-8bdd-7fe8e2cb7758}</destination>
			<destination>{0d5764e3-7cca-4415-994a-771387894605}</destination>
		</relationship>
	</object>
	<object class="MixerBusPanner" id="{8e9f333f-a6c3-4a72-86dc-15e67a55c374}" />
	<object class="MixerBusFader" id="{d18ac32f-2edf-4bfa-854e-d2833e37072b}" />
	<object class="MixerBusFader" id="{30b64b07-53ce-4a85-bba1-270f0085ac4e}" />
	<object class="TremoloEffect" id="{0d1a8644-ec08-4f68-8bdd-7fe8e2cb7758}">
		<property name="frequency">
			<value>6</value>
		</property>
		<property name="depth">
			<value>0.779999971</value>
		</property>
		<property name="duty">
			<value>0.50999999</value>
		</property>
		<property name="phase">
			<value>0.675000012</value>
		</property>
		<property name="spread">
			<value>0.620000005</value>
		</property>
	</object>
	<object class="CompressorEffect" id="{0d5764e3-7cca-4415-994a-771387894605}">
		<property name="threshold">
			<value>-40</value>
		</property>
		<property name="ratio">
			<value>1</value>
		</property>
		<property name="attackTime">
			<value>6.4000001</value>
		</property>
		<property name="releaseTime">
			<value>44</value>
		</property>
		<property name="gain">
			<value>-9.5</value>
		</property>
	</object>
</objects>
