<?xml version="1.0" encoding="UTF-8"?>
<objects serializationModel="Studio.02.02.00">
	<object class="AudioFile" id="{4f5545a8-a441-4890-81f9-6b8222d59ca7}">
		<property name="assetPath">
			<value>SFX/Bubbles/Juicy Bubbles/Juicy_Bubble 2.wav</value>
		</property>
		<property name="isStreaming">
			<value>true</value>
		</property>
		<property name="frequencyInKHz">
			<value>44.0999985</value>
		</property>
		<property name="channelCount">
			<value>2</value>
		</property>
		<property name="length">
			<value>25</value>
		</property>
		<relationship name="masterAssetFolder">
			<destination>{d34d05e5-6b20-4220-b641-36df0f786d52}</destination>
		</relationship>
	</object>
</objects>
