<?xml version="1.0" encoding="UTF-8"?>
<objects serializationModel="Studio.02.02.00">
	<object class="AudioFile" id="{bf7f5e23-697a-43c0-b356-f1de38bad241}">
		<property name="assetPath">
			<value>SFX/2D/RAW/2D_Footstep_Walk_Grass_6.wav</value>
		</property>
		<property name="frequencyInKHz">
			<value>96</value>
		</property>
		<property name="channelCount">
			<value>1</value>
		</property>
		<property name="length">
			<value>0.503</value>
		</property>
		<relationship name="masterAssetFolder">
			<destination>{d34d05e5-6b20-4220-b641-36df0f786d52}</destination>
		</relationship>
	</object>
</objects>
