<?xml version="1.0" encoding="UTF-8"?>
<objects serializationModel="Studio.02.02.00">
	<object class="AudioFile" id="{d4064675-96c6-41b9-9730-f93eead28c7b}">
		<property name="assetPath">
			<value>SFX/Bubbles/Juicy Bubbles/Juicy_Bubble1.0.wav</value>
		</property>
		<property name="isStreaming">
			<value>true</value>
		</property>
		<property name="frequencyInKHz">
			<value>44.0999985</value>
		</property>
		<property name="channelCount">
			<value>2</value>
		</property>
		<property name="length">
			<value>16</value>
		</property>
		<relationship name="masterAssetFolder">
			<destination>{d34d05e5-6b20-4220-b641-36df0f786d52}</destination>
		</relationship>
	</object>
</objects>
