<?xml version="1.0" encoding="UTF-8"?>
<objects serializationModel="Studio.02.02.00">
	<object class="AudioFile" id="{da4d0185-dd96-47f6-8bd7-a379c5b56cf3}">
		<property name="assetPath">
			<value>SFX/2D/RAW/2D_Footstep_Walk_Grass_4.wav</value>
		</property>
		<property name="frequencyInKHz">
			<value>96</value>
		</property>
		<property name="channelCount">
			<value>1</value>
		</property>
		<property name="length">
			<value>0.50409375000000001</value>
		</property>
		<relationship name="masterAssetFolder">
			<destination>{d34d05e5-6b20-4220-b641-36df0f786d52}</destination>
		</relationship>
	</object>
</objects>
