<?xml version="1.0" encoding="UTF-8"?>
<objects serializationModel="Studio.02.02.00">
	<object class="AudioFile" id="{e9af81f3-9f8e-49db-bd0a-f64e3a255e9e}">
		<property name="assetPath">
			<value>Music/Buuble_Game2DV_2.0.wav</value>
		</property>
		<property name="isStreaming">
			<value>true</value>
		</property>
		<property name="frequencyInKHz">
			<value>44.0999985</value>
		</property>
		<property name="channelCount">
			<value>2</value>
		</property>
		<property name="length">
			<value>137.14285714285714</value>
		</property>
		<relationship name="masterAssetFolder">
			<destination>{d34d05e5-6b20-4220-b641-36df0f786d52}</destination>
		</relationship>
	</object>
</objects>
