<?xml version="1.0" encoding="UTF-8"?>
<objects serializationModel="Studio.02.02.00">
	<object class="Workspace" id="{ee339766-6d8a-4b0b-a9e9-3cd74a66fbb2}">
		<relationship name="projectSettings">
			<destination>{b7daf012-51c6-420a-8283-f1d4e7c37317}</destination>
		</relationship>
		<relationship name="changelist">
			<destination>{98999516-53f8-4897-b983-ddba39c0ea4d}</destination>
		</relationship>
	</object>
	<object class="ProjectSettings" id="{b7daf012-51c6-420a-8283-f1d4e7c37317}">
		<property name="openWindows">
			<value>Event Editor 1</value>
		</property>
		<property name="windowLayout">
			<value>AAAAAQAAABwARQB2AGUAbgB0ACAARQBkAGkAdABvAHIAIAAxAAAAQgHZ0MsAAwAA//////////gAAAeAAAAEEAAAAoAAAAEYAAAGnwAAArsAAAAAAgAAAAeAAAAAAAAAABcAAAd/AAAEDw==</value>
		</property>
		<relationship name="activePlatform">
			<destination>{50833261-e84a-4c0d-ab3a-c92a910e14e9}</destination>
		</relationship>
	</object>
	<object class="WorkspaceChangelist" id="{98999516-53f8-4897-b983-ddba39c0ea4d}" />
</objects>
